model,display_name,dialect,coi_acc_sae,coi_acc_dial,coi_delta,coi_n,mv_acc_sae,mv_acc_dial,mv_delta,mv_n
claude_opus,Claude-Opus,aboriginal_english,67.01,54.74,-12.28,1246,65.20,64.40,-0.80,750
claude_opus,Claude-Opus,acrolectal_fiji_english,61.73,48.80,-12.93,750,64.53,64.80,0.27,750
claude_opus,Claude-Opus,appalachian_english,60.40,51.60,-8.80,750,64.93,64.53,-0.40,750
claude_opus,Claude-Opus,australian_english,62.53,50.00,-12.53,750,63.60,65.47,1.87,750
claude_opus,Claude-Opus,australian_vernacular_english,62.93,52.93,-10.00,750,67.07,65.33,-1.73,750
claude_opus,Claude-Opus,bahamian_english,63.20,54.40,-8.80,750,67.33,67.73,0.40,750
claude_opus,Claude-Opus,black_south_african_english,62.00,52.53,-9.47,750,66.67,66.27,-0.40,750
claude_opus,Claude-Opus,cameroon_english,62.67,52.13,-10.53,750,67.20,66.13,-1.07,750
claude_opus,Claude-Opus,cape_flats_english,63.73,51.87,-11.87,750,67.20,68.27,1.07,750
claude_opus,Claude-Opus,channel_islands_english,63.47,50.27,-13.20,750,69.33,67.07,-2.27,750
claude_opus,Claude-Opus,chicano_english,59.07,49.07,-10.00,750,63.73,63.73,0.00,750
claude_opus,Claude-Opus,colloquial_american_english,60.53,50.00,-10.53,750,64.53,64.80,0.27,750
claude_opus,Claude-Opus,colloquial_singapore_english_singlish,62.40,52.13,-10.27,750,65.07,63.60,-1.47,750
claude_opus,Claude-Opus,earlier_african_american_vernacular_english,60.13,47.33,-12.80,750,64.27,64.00,-0.27,750
claude_opus,Claude-Opus,east_anglian_english,60.53,51.87,-8.67,750,64.80,65.60,0.80,750
claude_opus,Claude-Opus,english_dialects_in_the_north_of_england,59.20,50.13,-9.07,750,65.07,63.87,-1.20,750
claude_opus,Claude-Opus,english_dialects_in_the_southeast_of_england,61.73,50.00,-11.73,750,65.73,64.53,-1.20,750
claude_opus,Claude-Opus,english_dialects_in_the_southwest_of_england,61.73,48.53,-13.20,750,63.60,64.53,0.93,750
claude_opus,Claude-Opus,falkland_islands_english,58.80,47.60,-11.20,750,63.87,65.60,1.73,750
claude_opus,Claude-Opus,ghanaian_english,59.20,52.27,-6.93,750,64.00,63.20,-0.80,750
claude_opus,Claude-Opus,hong_kong_english,60.53,52.67,-7.87,750,64.40,62.13,-2.27,750
claude_opus,Claude-Opus,indian_english,60.27,50.80,-9.47,750,64.67,63.07,-1.60,750
claude_opus,Claude-Opus,indian_south_african_english,62.27,54.13,-8.13,750,65.20,63.20,-2.00,750
claude_opus,Claude-Opus,irish_english,60.93,53.20,-7.73,750,63.47,63.47,0.00,750
claude_opus,Claude-Opus,jamaican_english,62.67,52.67,-10.00,750,64.27,63.87,-0.40,750
claude_opus,Claude-Opus,kenyan_english,59.20,51.47,-7.73,750,64.13,64.13,0.00,750
claude_opus,Claude-Opus,liberian_settler_english,58.53,51.47,-7.07,750,65.20,63.73,-1.47,750
claude_opus,Claude-Opus,malaysian_english,58.93,51.87,-7.07,750,64.93,62.53,-2.40,750
claude_opus,Claude-Opus,maltese_english,60.53,52.13,-8.40,750,64.93,64.40,-0.53,750
claude_opus,Claude-Opus,manx_english,62.80,53.33,-9.47,750,63.47,58.67,-4.80,750
claude_opus,Claude-Opus,new_zealand_english,61.33,53.73,-7.60,750,64.53,63.20,-1.33,750
claude_opus,Claude-Opus,newfoundland_english,60.27,51.47,-8.80,750,65.73,62.13,-3.60,750
claude_opus,Claude-Opus,nigerian_english,66.72,54.10,-12.62,610,,,,0
claude_sonnet,Claude-Sonnet,aboriginal_english,64.73,51.91,-12.82,1100,56.53,56.13,-0.40,750
claude_sonnet,Claude-Sonnet,acrolectal_fiji_english,54.67,44.13,-10.53,750,55.60,57.20,1.60,750
claude_sonnet,Claude-Sonnet,appalachian_english,51.33,42.93,-8.40,750,56.93,56.27,-0.67,750
claude_sonnet,Claude-Sonnet,australian_english,54.00,41.33,-12.67,750,56.53,55.33,-1.20,750
claude_sonnet,Claude-Sonnet,australian_vernacular_english,51.60,41.33,-10.27,750,55.47,54.13,-1.33,750
claude_sonnet,Claude-Sonnet,bahamian_english,51.33,42.67,-8.67,750,56.40,55.47,-0.93,750
claude_sonnet,Claude-Sonnet,black_south_african_english,52.40,42.27,-10.13,750,56.27,55.20,-1.07,750
claude_sonnet,Claude-Sonnet,cameroon_english,52.67,42.27,-10.40,750,56.00,57.73,1.73,750
claude_sonnet,Claude-Sonnet,cape_flats_english,52.00,41.07,-10.93,750,55.87,56.13,0.27,750
claude_sonnet,Claude-Sonnet,channel_islands_english,52.00,41.33,-10.67,750,56.53,56.80,0.27,750
claude_sonnet,Claude-Sonnet,chicano_english,52.53,41.87,-10.67,750,57.07,57.07,0.00,750
claude_sonnet,Claude-Sonnet,colloquial_american_english,51.87,41.60,-10.27,750,57.20,55.47,-1.73,750
claude_sonnet,Claude-Sonnet,colloquial_singapore_english_singlish,54.80,44.80,-10.00,750,58.00,56.80,-1.20,750
claude_sonnet,Claude-Sonnet,earlier_african_american_vernacular_english,51.60,39.73,-11.87,750,57.20,55.33,-1.87,750
claude_sonnet,Claude-Sonnet,east_anglian_english,51.60,42.00,-9.60,750,56.40,56.27,-0.13,750
claude_sonnet,Claude-Sonnet,english_dialects_in_the_north_of_england,52.00,42.13,-9.87,750,57.20,54.40,-2.80,750
claude_sonnet,Claude-Sonnet,english_dialects_in_the_southeast_of_england,52.93,41.47,-11.47,750,56.00,57.33,1.33,750
claude_sonnet,Claude-Sonnet,english_dialects_in_the_southwest_of_england,50.80,40.53,-10.27,750,56.00,54.67,-1.33,750
claude_sonnet,Claude-Sonnet,falkland_islands_english,49.33,39.60,-9.73,750,55.87,55.87,0.00,750
claude_sonnet,Claude-Sonnet,ghanaian_english,53.47,44.27,-9.20,750,58.00,56.80,-1.20,750
claude_sonnet,Claude-Sonnet,hong_kong_english,52.67,45.07,-7.60,750,56.53,55.07,-1.47,750
claude_sonnet,Claude-Sonnet,indian_english,53.73,44.00,-9.73,750,55.73,55.47,-0.27,750
claude_sonnet,Claude-Sonnet,indian_south_african_english,54.80,46.13,-8.67,750,56.40,56.00,-0.40,750
claude_sonnet,Claude-Sonnet,irish_english,51.87,42.53,-9.33,750,56.80,55.60,-1.20,750
claude_sonnet,Claude-Sonnet,jamaican_english,54.40,44.67,-9.73,750,55.47,55.33,-0.13,750
claude_sonnet,Claude-Sonnet,kenyan_english,52.80,44.40,-8.40,750,57.47,56.93,-0.53,750
claude_sonnet,Claude-Sonnet,liberian_settler_english,52.40,42.53,-9.87,750,56.40,57.20,0.80,750
claude_sonnet,Claude-Sonnet,malaysian_english,52.13,43.47,-8.67,750,57.60,57.47,-0.13,750
claude_sonnet,Claude-Sonnet,maltese_english,52.80,45.20,-7.60,750,56.13,56.93,0.80,750
claude_sonnet,Claude-Sonnet,manx_english,54.67,44.93,-9.73,750,56.40,52.00,-4.40,750
claude_sonnet,Claude-Sonnet,new_zealand_english,53.20,44.53,-8.67,750,57.07,56.93,-0.13,750
claude_sonnet,Claude-Sonnet,newfoundland_english,51.33,43.73,-7.60,750,56.67,54.27,-2.40,750
claude_sonnet,Claude-Sonnet,nigerian_english,54.80,45.07,-9.73,750,57.20,56.13,-1.07,750
claude_sonnet,Claude-Sonnet,orkney_and_shetland_english,51.33,43.33,-8.00,750,59.47,58.93,-0.53,750
claude_sonnet,Claude-Sonnet,ozark_english,54.27,43.73,-10.53,750,55.73,55.60,-0.13,750
claude_sonnet,Claude-Sonnet,pakistani_english,54.27,46.13,-8.13,750,57.20,57.20,0.00,750
claude_sonnet,Claude-Sonnet,philippine_english,53.20,48.80,-4.40,750,57.20,55.33,-1.87,750
claude_sonnet,Claude-Sonnet,pure_fiji_english_basilectal_fijie,52.40,42.00,-10.40,750,57.33,54.93,-2.40,750
claude_sonnet,Claude-Sonnet,rural_african_american_vernacular_english,52.27,44.67,-7.60,750,55.60,55.07,-0.53,750
claude_sonnet,Claude-Sonnet,scottish_english,53.73,44.53,-9.20,750,56.13,53.87,-2.27,750
claude_sonnet,Claude-Sonnet,southeast_american_enclave_dialects,51.87,44.67,-7.20,750,55.57,54.62,-0.95,736
claude_sonnet,Claude-Sonnet,sri_lankan_english,51.07,43.73,-7.33,750,57.73,57.47,-0.27,750
claude_sonnet,Claude-Sonnet,st_helena_english,52.93,44.13,-8.80,750,57.60,56.80,-0.80,750
claude_sonnet,Claude-Sonnet,tanzanian_english,52.00,43.07,-8.93,750,57.73,56.93,-0.80,750
claude_sonnet,Claude-Sonnet,tristan_da_cunha_english,53.33,44.67,-8.67,750,56.40,56.53,0.13,750
claude_sonnet,Claude-Sonnet,ugandan_english,53.33,42.53,-10.80,750,56.80,56.53,-0.27,750
claude_sonnet,Claude-Sonnet,urban_african_american_vernacular_english,51.87,42.80,-9.07,750,56.80,56.27,-0.53,750
claude_sonnet,Claude-Sonnet,welsh_english,50.29,41.57,-8.71,700,53.71,51.00,-2.71,700
claude_sonnet,Claude-Sonnet,white_south_african_english,,,,0,37.11,36.67,-0.44,450
claude_sonnet,Claude-Sonnet,white_zimbabwean_english,,,,0,36.67,35.78,-0.89,450
gemma3_27b,Gemma-3-27B,aboriginal_english,83.72,73.88,-9.84,1646,82.40,84.13,1.73,750
gemma3_27b,Gemma-3-27B,acrolectal_fiji_english,78.93,70.40,-8.53,750,82.13,81.33,-0.80,750
gemma3_27b,Gemma-3-27B,appalachian_english,80.00,71.33,-8.67,750,82.93,85.20,2.27,750
gemma3_27b,Gemma-3-27B,australian_english,80.00,69.47,-10.53,750,82.53,82.67,0.13,750
gemma3_27b,Gemma-3-27B,australian_vernacular_english,77.73,70.67,-7.07,750,80.67,82.27,1.60,750
gemma3_27b,Gemma-3-27B,bahamian_english,77.87,69.20,-8.67,750,81.20,83.20,2.00,750
gemma3_27b,Gemma-3-27B,black_south_african_english,78.67,69.60,-9.07,750,81.20,83.47,2.27,750
gemma3_27b,Gemma-3-27B,cameroon_english,79.20,70.80,-8.40,750,80.67,83.07,2.40,750
gemma3_27b,Gemma-3-27B,cape_flats_english,79.87,69.47,-10.40,750,82.13,84.67,2.53,750
gemma3_27b,Gemma-3-27B,channel_islands_english,79.47,68.93,-10.53,750,82.93,83.33,0.40,750
gemma3_27b,Gemma-3-27B,chicano_english,81.33,71.87,-9.47,750,84.27,84.80,0.53,750
gemma3_27b,Gemma-3-27B,colloquial_american_english,80.53,73.60,-6.93,750,83.07,84.00,0.93,750
gemma3_27b,Gemma-3-27B,colloquial_singapore_english_singlish,80.93,73.73,-7.20,750,82.13,85.20,3.07,750
gemma3_27b,Gemma-3-27B,earlier_african_american_vernacular_english,80.53,68.13,-12.40,750,82.80,84.40,1.60,750
gemma3_27b,Gemma-3-27B,east_anglian_english,82.00,72.27,-9.73,750,83.33,85.33,2.00,750
gemma3_27b,Gemma-3-27B,english_dialects_in_the_north_of_england,81.47,73.60,-7.87,750,83.47,85.07,1.60,750
gemma3_27b,Gemma-3-27B,english_dialects_in_the_southeast_of_england,79.60,70.13,-9.47,750,82.00,82.53,0.53,750
gemma3_27b,Gemma-3-27B,english_dialects_in_the_southwest_of_england,78.27,67.60,-10.67,750,79.07,82.80,3.73,750
gemma3_27b,Gemma-3-27B,falkland_islands_english,75.47,67.20,-8.27,750,80.53,79.87,-0.67,750
gemma3_27b,Gemma-3-27B,ghanaian_english,78.53,69.87,-8.67,750,80.27,80.13,-0.13,750
gemma3_27b,Gemma-3-27B,hong_kong_english,78.93,69.47,-9.47,750,79.73,82.13,2.40,750
gemma3_27b,Gemma-3-27B,indian_english,77.20,70.53,-6.67,750,79.07,81.33,2.27,750
gemma3_27b,Gemma-3-27B,indian_south_african_english,79.33,72.93,-6.40,750,81.20,81.20,0.00,750
gemma3_27b,Gemma-3-27B,irish_english,78.27,68.53,-9.73,750,80.00,81.20,1.20,750
gemma3_27b,Gemma-3-27B,jamaican_english,78.27,70.67,-7.60,750,79.73,82.27,2.53,750
gemma3_27b,Gemma-3-27B,kenyan_english,77.60,69.87,-7.73,750,80.93,80.80,-0.13,750
gemma3_27b,Gemma-3-27B,liberian_settler_english,77.20,68.93,-8.27,750,79.60,80.40,0.80,750
gemma3_27b,Gemma-3-27B,malaysian_english,78.00,68.80,-9.20,750,80.13,80.80,0.67,750
gemma3_27b,Gemma-3-27B,maltese_english,80.53,70.93,-9.60,750,80.40,81.07,0.67,750
gemma3_27b,Gemma-3-27B,manx_english,80.27,72.67,-7.60,750,84.53,83.87,-0.67,750
gemma3_27b,Gemma-3-27B,new_zealand_english,79.47,73.33,-6.13,750,79.73,83.60,3.87,750
gemma3_27b,Gemma-3-27B,newfoundland_english,79.33,70.67,-8.67,750,83.33,83.47,0.13,750
gemma3_27b,Gemma-3-27B,nigerian_english,79.47,72.80,-6.67,750,80.40,83.33,2.93,750
gemma3_27b,Gemma-3-27B,orkney_and_shetland_english,79.20,72.27,-6.93,750,82.53,84.13,1.60,750
gemma3_27b,Gemma-3-27B,ozark_english,80.00,71.20,-8.80,750,81.07,83.33,2.27,750
gemma3_27b,Gemma-3-27B,pakistani_english,77.60,68.67,-8.93,750,79.87,80.27,0.40,750
gemma3_27b,Gemma-3-27B,philippine_english,77.07,72.53,-4.53,750,77.87,81.47,3.60,750
gemma3_27b,Gemma-3-27B,pure_fiji_english_basilectal_fijie,76.00,67.47,-8.53,750,79.33,80.80,1.47,750
gemma3_27b,Gemma-3-27B,rural_african_american_vernacular_english,77.60,70.27,-7.33,750,79.87,83.07,3.20,750
gemma3_27b,Gemma-3-27B,scottish_english,81.73,75.20,-6.53,750,82.80,84.53,1.73,750
gemma3_27b,Gemma-3-27B,southeast_american_enclave_dialects,78.53,70.40,-8.13,750,79.48,81.66,2.17,736
gemma3_27b,Gemma-3-27B,sri_lankan_english,80.13,70.27,-9.87,750,80.27,82.27,2.00,750
gemma3_27b,Gemma-3-27B,st_helena_english,79.73,72.93,-6.80,750,81.87,83.87,2.00,750
gemma3_27b,Gemma-3-27B,tanzanian_english,76.93,69.60,-7.33,750,81.33,80.93,-0.40,750
gemma3_27b,Gemma-3-27B,tristan_da_cunha_english,77.87,69.47,-8.40,750,80.53,82.13,1.60,750
gemma3_27b,Gemma-3-27B,ugandan_english,77.60,69.20,-8.40,750,79.87,80.67,0.80,750
gemma3_27b,Gemma-3-27B,urban_african_american_vernacular_english,78.13,70.80,-7.33,750,79.60,82.00,2.40,750
gemma3_27b,Gemma-3-27B,welsh_english,76.00,67.43,-8.57,700,77.86,80.43,2.57,700
gemma3_27b,Gemma-3-27B,white_south_african_english,,,,0,66.22,65.11,-1.11,450
gemma3_27b,Gemma-3-27B,white_zimbabwean_english,,,,0,67.56,68.89,1.33,450
gpt_oss_120b,GPT-OSS-120B,aboriginal_english,64.27,54.53,-9.73,750,66.00,66.40,0.40,750
gpt_oss_120b,GPT-OSS-120B,acrolectal_fiji_english,64.67,53.60,-11.07,750,66.00,66.13,0.13,750
gpt_oss_120b,GPT-OSS-120B,appalachian_english,64.40,54.93,-9.47,750,66.40,65.33,-1.07,750
gpt_oss_120b,GPT-OSS-120B,australian_english,63.73,51.33,-12.40,750,65.47,64.80,-0.67,750
gpt_oss_120b,GPT-OSS-120B,australian_vernacular_english,65.60,55.60,-10.00,750,64.13,64.67,0.53,750
gpt_oss_120b,GPT-OSS-120B,bahamian_english,64.93,53.60,-11.33,750,64.67,63.73,-0.93,750
gpt_oss_120b,GPT-OSS-120B,black_south_african_english,63.60,53.33,-10.27,750,64.13,62.40,-1.73,750
gpt_oss_120b,GPT-OSS-120B,cameroon_english,65.33,54.40,-10.93,750,65.20,64.40,-0.80,750
gpt_oss_120b,GPT-OSS-120B,cape_flats_english,66.13,55.47,-10.67,750,65.60,65.47,-0.13,750
gpt_oss_120b,GPT-OSS-120B,channel_islands_english,64.13,52.53,-11.60,750,66.67,64.53,-2.13,750
gpt_oss_120b,GPT-OSS-120B,chicano_english,65.87,52.80,-13.07,750,67.07,68.00,0.93,750
gpt_oss_120b,GPT-OSS-120B,colloquial_american_english,66.00,53.60,-12.40,750,66.93,65.33,-1.60,750
gpt_oss_120b,GPT-OSS-120B,colloquial_singapore_english_singlish,65.33,57.60,-7.73,750,66.93,65.87,-1.07,750
gpt_oss_120b,GPT-OSS-120B,earlier_african_american_vernacular_english,64.67,52.00,-12.67,750,66.27,65.47,-0.80,750
gpt_oss_120b,GPT-OSS-120B,east_anglian_english,63.33,53.33,-10.00,750,68.53,66.40,-2.13,750
gpt_oss_120b,GPT-OSS-120B,english_dialects_in_the_north_of_england,65.87,54.67,-11.20,750,65.60,64.80,-0.80,750
gpt_oss_120b,GPT-OSS-120B,english_dialects_in_the_southeast_of_england,63.60,52.93,-10.67,750,66.27,65.47,-0.80,750
gpt_oss_120b,GPT-OSS-120B,english_dialects_in_the_southwest_of_england,64.67,52.67,-12.00,750,66.27,63.47,-2.80,750
gpt_oss_120b,GPT-OSS-120B,falkland_islands_english,64.80,52.53,-12.27,750,65.07,64.67,-0.40,750
gpt_oss_120b,GPT-OSS-120B,ghanaian_english,64.27,54.40,-9.87,750,66.00,63.47,-2.53,750
gpt_oss_120b,GPT-OSS-120B,hong_kong_english,65.73,56.67,-9.07,750,63.07,64.80,1.73,750
gpt_oss_120b,GPT-OSS-120B,indian_english,63.73,55.47,-8.27,750,66.13,63.47,-2.67,750
gpt_oss_120b,GPT-OSS-120B,indian_south_african_english,65.47,56.40,-9.07,750,64.67,64.40,-0.27,750
gpt_oss_120b,GPT-OSS-120B,irish_english,64.93,53.60,-11.33,750,65.73,63.73,-2.00,750
gpt_oss_120b,GPT-OSS-120B,jamaican_english,65.60,56.27,-9.33,750,63.60,64.13,0.53,750
gpt_oss_120b,GPT-OSS-120B,kenyan_english,61.87,53.73,-8.13,750,65.73,62.93,-2.80,750
gpt_oss_120b,GPT-OSS-120B,liberian_settler_english,62.00,53.73,-8.27,750,64.27,65.47,1.20,750
gpt_oss_120b,GPT-OSS-120B,malaysian_english,62.40,53.73,-8.67,750,65.47,64.93,-0.53,750
gpt_oss_120b,GPT-OSS-120B,maltese_english,64.40,57.07,-7.33,750,64.40,63.73,-0.67,750
gpt_oss_120b,GPT-OSS-120B,manx_english,67.87,56.13,-11.73,750,66.13,62.93,-3.20,750
gpt_oss_120b,GPT-OSS-120B,new_zealand_english,66.40,57.20,-9.20,750,65.73,65.07,-0.67,750
gpt_oss_120b,GPT-OSS-120B,newfoundland_english,65.20,53.20,-12.00,750,65.87,63.87,-2.00,750
gpt_oss_120b,GPT-OSS-120B,nigerian_english,66.13,56.27,-9.87,750,67.20,63.20,-4.00,750
gpt_oss_120b,GPT-OSS-120B,orkney_and_shetland_english,64.00,55.73,-8.27,750,69.20,67.73,-1.47,750
gpt_oss_120b,GPT-OSS-120B,ozark_english,66.00,55.33,-10.67,750,66.53,65.87,-0.67,750
gpt_oss_120b,GPT-OSS-120B,pakistani_english,64.53,53.73,-10.80,750,64.40,65.20,0.80,750
gpt_oss_120b,GPT-OSS-120B,philippine_english,63.60,57.60,-6.00,750,63.87,63.07,-0.80,750
gpt_oss_120b,GPT-OSS-120B,pure_fiji_english_basilectal_fijie,63.47,54.13,-9.33,750,64.40,61.33,-3.07,750
gpt_oss_120b,GPT-OSS-120B,rural_african_american_vernacular_english,64.13,53.60,-10.53,750,65.73,64.13,-1.60,750
gpt_oss_120b,GPT-OSS-120B,scottish_english,65.87,56.13,-9.73,750,66.93,66.67,-0.27,750
gpt_oss_120b,GPT-OSS-120B,southeast_american_enclave_dialects,64.27,55.33,-8.93,750,63.99,62.77,-1.22,736
gpt_oss_120b,GPT-OSS-120B,sri_lankan_english,62.93,54.53,-8.40,750,66.00,64.00,-2.00,750
gpt_oss_120b,GPT-OSS-120B,st_helena_english,66.13,56.40,-9.73,750,64.93,64.67,-0.27,750
gpt_oss_120b,GPT-OSS-120B,tanzanian_english,64.00,54.40,-9.60,750,65.20,64.40,-0.80,750
gpt_oss_120b,GPT-OSS-120B,tristan_da_cunha_english,66.27,55.60,-10.67,750,65.60,64.40,-1.20,750
gpt_oss_120b,GPT-OSS-120B,ugandan_english,64.80,54.27,-10.53,750,64.80,64.80,0.00,750
gpt_oss_120b,GPT-OSS-120B,urban_african_american_vernacular_english,64.27,53.33,-10.93,750,65.47,64.80,-0.67,750
gpt_oss_120b,GPT-OSS-120B,welsh_english,61.57,49.29,-12.29,700,62.43,60.29,-2.14,700
gpt_oss_120b,GPT-OSS-120B,white_south_african_english,,,,0,45.33,44.89,-0.44,450
gpt_oss_120b,GPT-OSS-120B,white_zimbabwean_english,,,,0,46.89,47.33,0.44,450
gpt_oss_20b,GPT-OSS-20B,aboriginal_english,66.67,54.93,-11.73,750,69.07,68.80,-0.27,750
gpt_oss_20b,GPT-OSS-20B,acrolectal_fiji_english,66.80,55.47,-11.33,750,67.20,64.80,-2.40,750
gpt_oss_20b,GPT-OSS-20B,appalachian_english,65.87,56.53,-9.33,750,65.87,68.13,2.27,750
gpt_oss_20b,GPT-OSS-20B,australian_english,67.07,54.13,-12.93,750,67.60,63.73,-3.87,750
gpt_oss_20b,GPT-OSS-20B,australian_vernacular_english,67.87,56.40,-11.47,750,67.73,67.07,-0.67,750
gpt_oss_20b,GPT-OSS-20B,bahamian_english,64.13,55.87,-8.27,750,66.13,64.13,-2.00,750
gpt_oss_20b,GPT-OSS-20B,black_south_african_english,66.00,54.67,-11.33,750,66.93,63.07,-3.87,750
gpt_oss_20b,GPT-OSS-20B,cameroon_english,68.13,54.93,-13.20,750,66.27,65.87,-0.40,750
gpt_oss_20b,GPT-OSS-20B,cape_flats_english,66.67,56.00,-10.67,750,69.60,66.80,-2.80,750
gpt_oss_20b,GPT-OSS-20B,channel_islands_english,65.87,53.73,-12.13,750,67.20,65.60,-1.60,750
gpt_oss_20b,GPT-OSS-20B,chicano_english,67.07,57.20,-9.87,750,68.93,68.80,-0.13,750
gpt_oss_20b,GPT-OSS-20B,colloquial_american_english,66.53,55.87,-10.67,750,69.47,65.47,-4.00,750
gpt_oss_20b,GPT-OSS-20B,colloquial_singapore_english_singlish,68.00,59.47,-8.53,750,68.53,68.40,-0.13,750
gpt_oss_20b,GPT-OSS-20B,earlier_african_american_vernacular_english,68.93,53.73,-15.20,750,68.40,67.07,-1.33,750
gpt_oss_20b,GPT-OSS-20B,east_anglian_english,65.47,56.00,-9.47,750,67.87,68.80,0.93,750
gpt_oss_20b,GPT-OSS-20B,english_dialects_in_the_north_of_england,67.60,57.47,-10.13,750,68.53,65.60,-2.93,750
gpt_oss_20b,GPT-OSS-20B,english_dialects_in_the_southeast_of_england,67.07,54.00,-13.07,750,67.87,67.87,0.00,750
gpt_oss_20b,GPT-OSS-20B,english_dialects_in_the_southwest_of_england,64.80,53.47,-11.33,750,66.93,64.53,-2.40,750
gpt_oss_20b,GPT-OSS-20B,falkland_islands_english,64.40,54.00,-10.40,750,67.20,65.60,-1.60,750
gpt_oss_20b,GPT-OSS-20B,ghanaian_english,66.27,55.47,-10.80,750,67.20,65.20,-2.00,750
gpt_oss_20b,GPT-OSS-20B,hong_kong_english,66.13,57.20,-8.93,750,67.33,64.93,-2.40,750
gpt_oss_20b,GPT-OSS-20B,indian_english,65.73,55.73,-10.00,750,66.40,64.27,-2.13,750
gpt_oss_20b,GPT-OSS-20B,indian_south_african_english,66.67,57.07,-9.60,750,66.13,64.27,-1.87,750
gpt_oss_20b,GPT-OSS-20B,irish_english,65.73,55.73,-10.00,750,66.53,63.20,-3.33,750
gpt_oss_20b,GPT-OSS-20B,jamaican_english,67.07,57.47,-9.60,750,66.13,65.07,-1.07,750
gpt_oss_20b,GPT-OSS-20B,kenyan_english,66.53,57.20,-9.33,750,67.20,63.87,-3.33,750
gpt_oss_20b,GPT-OSS-20B,liberian_settler_english,65.73,56.27,-9.47,750,66.80,67.33,0.53,750
gpt_oss_20b,GPT-OSS-20B,malaysian_english,67.07,56.13,-10.93,750,68.40,68.13,-0.27,750
gpt_oss_20b,GPT-OSS-20B,maltese_english,67.20,58.93,-8.27,750,67.60,64.53,-3.07,750
gpt_oss_20b,GPT-OSS-20B,manx_english,69.07,59.33,-9.73,750,67.87,62.93,-4.93,750
gpt_oss_20b,GPT-OSS-20B,new_zealand_english,64.80,59.87,-4.93,750,67.07,64.93,-2.13,750
gpt_oss_20b,GPT-OSS-20B,newfoundland_english,65.73,56.67,-9.07,750,67.60,62.93,-4.67,750
gpt_oss_20b,GPT-OSS-20B,nigerian_english,68.40,57.73,-10.67,750,68.27,66.53,-1.73,750
gpt_oss_20b,GPT-OSS-20B,orkney_and_shetland_english,66.40,57.47,-8.93,750,70.13,69.07,-1.07,750
gpt_oss_20b,GPT-OSS-20B,ozark_english,67.47,56.93,-10.53,750,67.33,66.53,-0.80,750
gpt_oss_20b,GPT-OSS-20B,pakistani_english,66.00,56.93,-9.07,750,65.33,66.00,0.67,750
gpt_oss_20b,GPT-OSS-20B,philippine_english,66.67,60.27,-6.40,750,67.33,62.67,-4.67,750
gpt_oss_20b,GPT-OSS-20B,pure_fiji_english_basilectal_fijie,65.47,55.47,-10.00,750,67.20,62.13,-5.07,750
gpt_oss_20b,GPT-OSS-20B,rural_african_american_vernacular_english,65.60,57.47,-8.13,750,65.87,63.60,-2.27,750
gpt_oss_20b,GPT-OSS-20B,scottish_english,66.40,58.80,-7.60,750,68.40,65.20,-3.20,750
gpt_oss_20b,GPT-OSS-20B,southeast_american_enclave_dialects,64.67,57.87,-6.80,750,66.44,63.86,-2.58,736
gpt_oss_20b,GPT-OSS-20B,sri_lankan_english,64.13,55.07,-9.07,750,66.67,65.60,-1.07,750
gpt_oss_20b,GPT-OSS-20B,st_helena_english,66.80,57.33,-9.47,750,68.67,65.47,-3.20,750
gpt_oss_20b,GPT-OSS-20B,tanzanian_english,64.40,55.87,-8.53,750,66.40,66.93,0.53,750
gpt_oss_20b,GPT-OSS-20B,tristan_da_cunha_english,65.73,56.00,-9.73,750,67.73,65.73,-2.00,750
gpt_oss_20b,GPT-OSS-20B,ugandan_english,66.40,54.67,-11.73,750,78.11,76.62,-1.49,201
gpt_oss_safeguard_120b,GPT-OSS-SafeGuard-120B,aboriginal_english,58.00,47.07,-10.93,750,60.53,57.07,-3.47,750
gpt_oss_safeguard_120b,GPT-OSS-SafeGuard-120B,acrolectal_fiji_english,57.20,46.53,-10.67,750,60.00,58.13,-1.87,750
gpt_oss_safeguard_120b,GPT-OSS-SafeGuard-120B,appalachian_english,56.00,46.13,-9.87,750,58.93,58.27,-0.67,750
gpt_oss_safeguard_120b,GPT-OSS-SafeGuard-120B,australian_english,56.00,44.00,-12.00,750,58.93,55.20,-3.73,750
gpt_oss_safeguard_120b,GPT-OSS-SafeGuard-120B,australian_vernacular_english,55.07,46.27,-8.80,750,56.53,54.27,-2.27,750
gpt_oss_safeguard_120b,GPT-OSS-SafeGuard-120B,bahamian_english,55.60,45.60,-10.00,750,56.27,53.87,-2.40,750
gpt_oss_safeguard_120b,GPT-OSS-SafeGuard-120B,black_south_african_english,54.00,45.60,-8.40,750,56.53,54.13,-2.40,750
gpt_oss_safeguard_120b,GPT-OSS-SafeGuard-120B,cameroon_english,56.93,47.60,-9.33,750,59.33,57.60,-1.73,750
gpt_oss_safeguard_120b,GPT-OSS-SafeGuard-120B,cape_flats_english,59.33,46.53,-12.80,750,61.20,59.73,-1.47,750
gpt_oss_safeguard_120b,GPT-OSS-SafeGuard-120B,channel_islands_english,58.53,45.73,-12.80,750,59.87,58.53,-1.33,750
gpt_oss_safeguard_120b,GPT-OSS-SafeGuard-120B,chicano_english,58.40,47.47,-10.93,750,61.47,61.33,-0.13,750
gpt_oss_safeguard_120b,GPT-OSS-SafeGuard-120B,colloquial_american_english,59.60,49.33,-10.27,750,60.27,59.60,-0.67,750
gpt_oss_safeguard_120b,GPT-OSS-SafeGuard-120B,colloquial_singapore_english_singlish,60.27,49.07,-11.20,750,61.47,58.93,-2.53,750
gpt_oss_safeguard_120b,GPT-OSS-SafeGuard-120B,earlier_african_american_vernacular_english,58.67,46.67,-12.00,750,61.73,59.07,-2.67,750
gpt_oss_safeguard_120b,GPT-OSS-SafeGuard-120B,east_anglian_english,58.53,45.87,-12.67,750,61.87,62.27,0.40,750
gpt_oss_safeguard_120b,GPT-OSS-SafeGuard-120B,english_dialects_in_the_north_of_england,58.93,48.13,-10.80,750,59.60,55.87,-3.73,750
gpt_oss_safeguard_120b,GPT-OSS-SafeGuard-120B,english_dialects_in_the_southeast_of_england,57.07,45.87,-11.20,750,60.13,57.87,-2.27,750
gpt_oss_safeguard_120b,GPT-OSS-SafeGuard-120B,english_dialects_in_the_southwest_of_england,55.87,45.60,-10.27,750,58.53,55.60,-2.93,750
gpt_oss_safeguard_120b,GPT-OSS-SafeGuard-120B,falkland_islands_english,55.07,44.27,-10.80,750,58.40,59.07,0.67,750
gpt_oss_safeguard_120b,GPT-OSS-SafeGuard-120B,ghanaian_english,54.93,45.87,-9.07,750,58.53,56.40,-2.13,750
gpt_oss_safeguard_120b,GPT-OSS-SafeGuard-120B,hong_kong_english,56.00,47.33,-8.67,750,58.93,54.67,-4.27,750
gpt_oss_safeguard_120b,GPT-OSS-SafeGuard-120B,indian_english,56.00,46.00,-10.00,750,57.60,53.73,-3.87,750
gpt_oss_safeguard_120b,GPT-OSS-SafeGuard-120B,indian_south_african_english,54.80,46.67,-8.13,750,58.53,56.13,-2.40,750
gpt_oss_safeguard_120b,GPT-OSS-SafeGuard-120B,irish_english,56.00,45.47,-10.53,750,57.07,55.20,-1.87,750
gpt_oss_safeguard_120b,GPT-OSS-SafeGuard-120B,jamaican_english,58.67,48.80,-9.87,750,58.13,54.53,-3.60,750
gpt_oss_safeguard_120b,GPT-OSS-SafeGuard-120B,kenyan_english,55.87,46.13,-9.73,750,57.60,56.13,-1.47,750
gpt_oss_safeguard_120b,GPT-OSS-SafeGuard-120B,liberian_settler_english,54.13,46.13,-8.00,750,58.40,57.33,-1.07,750
gpt_oss_safeguard_120b,GPT-OSS-SafeGuard-120B,malaysian_english,53.73,45.07,-8.67,750,57.87,57.07,-0.80,750
gpt_oss_safeguard_120b,GPT-OSS-SafeGuard-120B,maltese_english,57.87,49.33,-8.53,750,60.13,55.33,-4.80,750
gpt_oss_safeguard_120b,GPT-OSS-SafeGuard-120B,manx_english,58.40,49.87,-8.53,750,60.53,52.00,-8.53,750
gpt_oss_safeguard_120b,GPT-OSS-SafeGuard-120B,new_zealand_english,57.07,48.67,-8.40,750,58.53,56.00,-2.53,750
gpt_oss_safeguard_120b,GPT-OSS-SafeGuard-120B,newfoundland_english,58.27,47.07,-11.20,750,60.00,52.80,-7.20,750
gpt_oss_safeguard_120b,GPT-OSS-SafeGuard-120B,nigerian_english,57.07,49.60,-7.47,750,58.67,57.33,-1.33,750
gpt_oss_safeguard_120b,GPT-OSS-SafeGuard-120B,orkney_and_shetland_english,58.00,50.40,-7.60,750,63.47,60.67,-2.80,750
gpt_oss_safeguard_120b,GPT-OSS-SafeGuard-120B,ozark_english,56.67,47.87,-8.80,750,58.27,57.87,-0.40,750
gpt_oss_safeguard_120b,GPT-OSS-SafeGuard-120B,pakistani_english,55.47,47.33,-8.13,750,57.47,57.47,0.00,750
gpt_oss_safeguard_120b,GPT-OSS-SafeGuard-120B,philippine_english,54.80,47.60,-7.20,750,56.93,53.33,-3.60,750
gpt_oss_safeguard_120b,GPT-OSS-SafeGuard-120B,pure_fiji_english_basilectal_fijie,56.67,45.60,-11.07,750,58.67,53.33,-5.33,750
gpt_oss_safeguard_120b,GPT-OSS-SafeGuard-120B,rural_african_american_vernacular_english,54.93,46.53,-8.40,750,56.53,54.13,-2.40,750
gpt_oss_safeguard_120b,GPT-OSS-SafeGuard-120B,scottish_english,60.13,49.20,-10.93,750,62.13,57.33,-4.80,750
gpt_oss_safeguard_120b,GPT-OSS-SafeGuard-120B,southeast_american_enclave_dialects,54.80,46.40,-8.40,750,57.20,52.58,-4.62,736
gpt_oss_safeguard_120b,GPT-OSS-SafeGuard-120B,sri_lankan_english,54.27,46.93,-7.33,750,58.80,58.40,-0.40,750
gpt_oss_safeguard_120b,GPT-OSS-SafeGuard-120B,st_helena_english,56.53,47.33,-9.20,750,58.00,57.07,-0.93,750
gpt_oss_safeguard_120b,GPT-OSS-SafeGuard-120B,tanzanian_english,55.20,44.13,-11.07,750,58.00,56.80,-1.20,750
gpt_oss_safeguard_120b,GPT-OSS-SafeGuard-120B,tristan_da_cunha_english,55.33,46.40,-8.93,750,58.00,56.40,-1.60,750
gpt_oss_safeguard_120b,GPT-OSS-SafeGuard-120B,ugandan_english,56.27,46.13,-10.13,750,58.67,56.53,-2.13,750
gpt_oss_safeguard_120b,GPT-OSS-SafeGuard-120B,urban_african_american_vernacular_english,54.93,43.87,-11.07,750,57.20,56.40,-0.80,750
gpt_oss_safeguard_120b,GPT-OSS-SafeGuard-120B,welsh_english,53.43,43.14,-10.29,700,56.71,50.43,-6.29,700
gpt_oss_safeguard_120b,GPT-OSS-SafeGuard-120B,white_south_african_english,,,,0,38.67,37.11,-1.56,450
gpt_oss_safeguard_120b,GPT-OSS-SafeGuard-120B,white_zimbabwean_english,,,,0,38.44,36.44,-2.00,450
gpt_oss_safeguard_20b,GPT-OSS-SafeGuard-20B,aboriginal_english,64.27,55.07,-9.20,750,66.00,65.47,-0.53,750
gpt_oss_safeguard_20b,GPT-OSS-SafeGuard-20B,acrolectal_fiji_english,62.93,52.93,-10.00,750,64.40,62.67,-1.73,750
gpt_oss_safeguard_20b,GPT-OSS-SafeGuard-20B,appalachian_english,63.47,54.00,-9.47,750,65.60,63.60,-2.00,750
gpt_oss_safeguard_20b,GPT-OSS-SafeGuard-20B,australian_english,63.60,52.40,-11.20,750,64.40,60.80,-3.60,750
gpt_oss_safeguard_20b,GPT-OSS-SafeGuard-20B,australian_vernacular_english,66.27,54.53,-11.73,750,65.87,62.00,-3.87,750
gpt_oss_safeguard_20b,GPT-OSS-SafeGuard-20B,bahamian_english,64.67,53.20,-11.47,750,67.47,60.67,-6.80,750
gpt_oss_safeguard_20b,GPT-OSS-SafeGuard-20B,black_south_african_english,64.27,54.13,-10.13,750,63.87,60.93,-2.93,750
gpt_oss_safeguard_20b,GPT-OSS-SafeGuard-20B,cameroon_english,66.00,54.13,-11.87,750,66.40,62.80,-3.60,750
gpt_oss_safeguard_20b,GPT-OSS-SafeGuard-20B,cape_flats_english,63.60,54.40,-9.20,750,66.13,65.47,-0.67,750
gpt_oss_safeguard_20b,GPT-OSS-SafeGuard-20B,channel_islands_english,62.53,53.60,-8.93,750,64.40,63.07,-1.33,750
gpt_oss_safeguard_20b,GPT-OSS-SafeGuard-20B,chicano_english,66.40,52.53,-13.87,750,66.40,66.00,-0.40,750
gpt_oss_safeguard_20b,GPT-OSS-SafeGuard-20B,colloquial_american_english,64.67,52.40,-12.27,750,66.13,63.07,-3.07,750
gpt_oss_safeguard_20b,GPT-OSS-SafeGuard-20B,colloquial_singapore_english_singlish,64.80,55.07,-9.73,750,66.00,64.27,-1.73,750
gpt_oss_safeguard_20b,GPT-OSS-SafeGuard-20B,earlier_african_american_vernacular_english,63.87,51.07,-12.80,750,65.60,62.27,-3.33,750
gpt_oss_safeguard_20b,GPT-OSS-SafeGuard-20B,east_anglian_english,63.73,52.67,-11.07,750,66.53,66.80,0.27,750
gpt_oss_safeguard_20b,GPT-OSS-SafeGuard-20B,english_dialects_in_the_north_of_england,64.67,54.80,-9.87,750,65.47,63.87,-1.60,750
gpt_oss_safeguard_20b,GPT-OSS-SafeGuard-20B,english_dialects_in_the_southeast_of_england,64.40,52.40,-12.00,750,64.53,66.80,2.27,750
gpt_oss_safeguard_20b,GPT-OSS-SafeGuard-20B,english_dialects_in_the_southwest_of_england,62.93,49.87,-13.07,750,64.53,62.80,-1.73,750
gpt_oss_safeguard_20b,GPT-OSS-SafeGuard-20B,falkland_islands_english,62.00,48.53,-13.47,750,64.93,63.87,-1.07,750
gpt_oss_safeguard_20b,GPT-OSS-SafeGuard-20B,ghanaian_english,61.73,52.53,-9.20,750,65.47,60.67,-4.80,750
gpt_oss_safeguard_20b,GPT-OSS-SafeGuard-20B,hong_kong_english,62.80,55.73,-7.07,750,64.80,61.87,-2.93,750
gpt_oss_safeguard_20b,GPT-OSS-SafeGuard-20B,indian_english,61.87,51.60,-10.27,750,63.33,59.60,-3.73,750
gpt_oss_safeguard_20b,GPT-OSS-SafeGuard-20B,indian_south_african_english,63.07,54.00,-9.07,750,64.27,62.53,-1.73,750
gpt_oss_safeguard_20b,GPT-OSS-SafeGuard-20B,irish_english,62.53,54.00,-8.53,750,63.87,61.20,-2.67,750
gpt_oss_safeguard_20b,GPT-OSS-SafeGuard-20B,jamaican_english,63.60,54.53,-9.07,750,63.60,61.47,-2.13,750
gpt_oss_safeguard_20b,GPT-OSS-SafeGuard-20B,kenyan_english,62.80,52.13,-10.67,750,63.73,62.13,-1.60,750
gpt_oss_safeguard_20b,GPT-OSS-SafeGuard-20B,liberian_settler_english,60.67,54.40,-6.27,750,64.53,63.73,-0.80,750
gpt_oss_safeguard_20b,GPT-OSS-SafeGuard-20B,malaysian_english,60.27,52.27,-8.00,750,64.67,64.13,-0.53,750
gpt_oss_safeguard_20b,GPT-OSS-SafeGuard-20B,maltese_english,64.13,56.00,-8.13,750,64.40,62.27,-2.13,750
gpt_oss_safeguard_20b,GPT-OSS-SafeGuard-20B,manx_english,66.67,57.60,-9.07,750,65.87,57.60,-8.27,750
gpt_oss_safeguard_20b,GPT-OSS-SafeGuard-20B,new_zealand_english,62.53,54.67,-7.87,750,64.00,60.80,-3.20,750
gpt_oss_safeguard_20b,GPT-OSS-SafeGuard-20B,newfoundland_english,63.47,52.53,-10.93,750,65.07,60.13,-4.93,750
gpt_oss_safeguard_20b,GPT-OSS-SafeGuard-20B,nigerian_english,62.80,53.87,-8.93,750,64.80,63.87,-0.93,750
gpt_oss_safeguard_20b,GPT-OSS-SafeGuard-20B,orkney_and_shetland_english,62.27,55.33,-6.93,750,67.20,64.40,-2.80,750
gpt_oss_safeguard_20b,GPT-OSS-SafeGuard-20B,ozark_english,63.20,55.20,-8.00,750,64.13,65.07,0.93,750
gpt_oss_safeguard_20b,GPT-OSS-SafeGuard-20B,pakistani_english,61.07,54.93,-6.13,750,63.47,63.60,0.13,750
gpt_oss_safeguard_20b,GPT-OSS-SafeGuard-20B,philippine_english,62.93,57.47,-5.47,750,63.87,59.87,-4.00,750
gpt_oss_safeguard_20b,GPT-OSS-SafeGuard-20B,pure_fiji_english_basilectal_fijie,62.93,52.80,-10.13,750,63.87,59.60,-4.27,750
gpt_oss_safeguard_20b,GPT-OSS-SafeGuard-20B,rural_african_american_vernacular_english,61.60,53.20,-8.40,750,62.27,60.80,-1.47,750
gpt_oss_safeguard_20b,GPT-OSS-SafeGuard-20B,scottish_english,65.20,57.60,-7.60,750,67.07,61.47,-5.60,750
gpt_oss_safeguard_20b,GPT-OSS-SafeGuard-20B,southeast_american_enclave_dialects,62.00,52.40,-9.60,750,63.86,60.33,-3.53,736
gpt_oss_safeguard_20b,GPT-OSS-SafeGuard-20B,sri_lankan_english,60.67,50.67,-10.00,750,64.93,61.33,-3.60,750
gpt_oss_safeguard_20b,GPT-OSS-SafeGuard-20B,st_helena_english,63.73,53.73,-10.00,750,64.53,63.20,-1.33,750
gpt_oss_safeguard_20b,GPT-OSS-SafeGuard-20B,tanzanian_english,61.20,51.87,-9.33,750,64.67,63.47,-1.20,750
gpt_oss_safeguard_20b,GPT-OSS-SafeGuard-20B,tristan_da_cunha_english,63.33,53.07,-10.27,750,62.93,62.13,-0.80,750
gpt_oss_safeguard_20b,GPT-OSS-SafeGuard-20B,ugandan_english,92.00,60.00,-32.00,25,,,,0
llama3_2_1b,Llama-3.2-1B,aboriginal_english,95.07,95.87,0.80,750,94.53,96.40,1.87,750
llama3_2_1b,Llama-3.2-1B,acrolectal_fiji_english,98.80,98.67,-0.13,750,97.73,97.87,0.13,750
llama3_2_1b,Llama-3.2-1B,appalachian_english,97.73,97.60,-0.13,750,96.53,95.73,-0.80,750
llama3_2_1b,Llama-3.2-1B,australian_english,97.47,97.60,0.13,750,98.00,97.47,-0.53,750
llama3_2_1b,Llama-3.2-1B,australian_vernacular_english,96.53,95.87,-0.67,750,96.00,96.27,0.27,750
llama3_2_1b,Llama-3.2-1B,bahamian_english,96.93,96.80,-0.13,750,94.93,96.00,1.07,750
llama3_2_1b,Llama-3.2-1B,black_south_african_english,96.80,96.00,-0.80,750,95.20,95.87,0.67,750
llama3_2_1b,Llama-3.2-1B,cameroon_english,97.07,97.60,0.53,750,95.20,95.47,0.27,750
llama3_2_1b,Llama-3.2-1B,cape_flats_english,95.60,96.40,0.80,750,95.33,96.67,1.33,750
llama3_2_1b,Llama-3.2-1B,channel_islands_english,97.60,96.80,-0.80,750,96.13,95.87,-0.27,750
llama3_2_1b,Llama-3.2-1B,chicano_english,97.47,98.40,0.93,750,97.47,97.73,0.27,750
llama3_2_1b,Llama-3.2-1B,colloquial_american_english,98.13,98.27,0.13,750,98.00,97.47,-0.53,750
llama3_2_1b,Llama-3.2-1B,colloquial_singapore_english_singlish,98.67,98.67,0.00,750,98.40,97.73,-0.67,750
llama3_2_1b,Llama-3.2-1B,earlier_african_american_vernacular_english,97.73,97.33,-0.40,750,96.93,97.60,0.67,750
llama3_2_1b,Llama-3.2-1B,east_anglian_english,98.00,98.53,0.53,750,97.33,97.47,0.13,750
llama3_2_1b,Llama-3.2-1B,english_dialects_in_the_north_of_england,98.13,97.87,-0.27,750,97.60,97.60,0.00,750
llama3_2_1b,Llama-3.2-1B,english_dialects_in_the_southeast_of_england,98.13,98.93,0.80,750,97.47,98.00,0.53,750
llama3_2_1b,Llama-3.2-1B,english_dialects_in_the_southwest_of_england,98.40,98.00,-0.40,750,97.87,97.60,-0.27,750
llama3_2_1b,Llama-3.2-1B,falkland_islands_english,97.33,98.00,0.67,750,97.07,97.20,0.13,750
llama3_2_1b,Llama-3.2-1B,ghanaian_english,97.87,97.87,0.00,750,96.93,97.87,0.93,750
llama3_2_1b,Llama-3.2-1B,hong_kong_english,98.27,98.13,-0.13,750,98.13,98.00,-0.13,750
llama3_2_1b,Llama-3.2-1B,indian_english,98.13,98.00,-0.13,750,97.33,98.00,0.67,750
llama3_2_1b,Llama-3.2-1B,indian_south_african_english,97.73,98.27,0.53,750,97.73,98.53,0.80,750
llama3_2_1b,Llama-3.2-1B,irish_english,96.67,98.00,1.33,750,97.07,96.67,-0.40,750
llama3_2_1b,Llama-3.2-1B,jamaican_english,97.87,97.47,-0.40,750,97.20,97.60,0.40,750
llama3_2_1b,Llama-3.2-1B,kenyan_english,98.27,97.87,-0.40,750,97.47,96.80,-0.67,750
llama3_2_1b,Llama-3.2-1B,liberian_settler_english,97.20,97.07,-0.13,750,97.07,97.73,0.67,750
llama3_2_1b,Llama-3.2-1B,malaysian_english,98.93,97.20,-1.73,750,97.07,98.00,0.93,750
llama3_2_1b,Llama-3.2-1B,maltese_english,98.53,97.73,-0.80,750,97.73,98.00,0.27,750
llama3_2_1b,Llama-3.2-1B,manx_english,97.60,98.00,0.40,750,96.53,96.93,0.40,750
llama3_2_1b,Llama-3.2-1B,new_zealand_english,98.53,97.47,-1.07,750,97.20,97.73,0.53,750
llama3_2_1b,Llama-3.2-1B,newfoundland_english,97.47,97.20,-0.27,750,97.20,97.20,0.00,750
llama3_2_1b,Llama-3.2-1B,nigerian_english,96.67,98.13,1.47,750,97.07,97.60,0.53,750
llama3_2_1b,Llama-3.2-1B,orkney_and_shetland_english,97.20,96.67,-0.53,750,96.80,97.07,0.27,750
llama3_2_1b,Llama-3.2-1B,ozark_english,97.33,98.27,0.93,750,98.00,97.33,-0.67,750
llama3_2_1b,Llama-3.2-1B,pakistani_english,98.40,98.27,-0.13,750,98.00,97.60,-0.40,750
llama3_2_1b,Llama-3.2-1B,philippine_english,98.40,98.00,-0.40,750,97.47,97.20,-0.27,750
llama3_2_1b,Llama-3.2-1B,pure_fiji_english_basilectal_fijie,97.73,98.13,0.40,750,96.53,96.93,0.40,750
llama3_2_1b,Llama-3.2-1B,rural_african_american_vernacular_english,97.20,96.80,-0.40,750,96.53,96.67,0.13,750
llama3_2_1b,Llama-3.2-1B,scottish_english,96.67,96.93,0.27,750,96.27,96.67,0.40,750
llama3_2_1b,Llama-3.2-1B,southeast_american_enclave_dialects,98.40,98.40,0.00,750,97.15,97.01,-0.14,736
llama3_2_1b,Llama-3.2-1B,sri_lankan_english,98.53,98.27,-0.27,750,96.80,97.60,0.80,750
llama3_2_1b,Llama-3.2-1B,st_helena_english,98.27,98.13,-0.13,750,98.27,97.73,-0.53,750
llama3_2_1b,Llama-3.2-1B,tanzanian_english,98.27,97.60,-0.67,750,97.33,97.47,0.13,750
llama3_2_1b,Llama-3.2-1B,tristan_da_cunha_english,98.00,97.73,-0.27,750,97.47,98.40,0.93,750
llama3_2_1b,Llama-3.2-1B,ugandan_english,97.20,97.60,0.40,750,98.13,97.20,-0.93,750
llama3_2_1b,Llama-3.2-1B,urban_african_american_vernacular_english,98.13,97.47,-0.67,750,97.07,97.87,0.80,750
llama3_2_1b,Llama-3.2-1B,welsh_english,97.86,97.86,0.00,700,97.00,98.00,1.00,700
llama3_2_1b,Llama-3.2-1B,white_south_african_english,,,,0,91.33,92.67,1.33,450
llama3_2_1b,Llama-3.2-1B,white_zimbabwean_english,,,,0,91.11,92.89,1.78,450
llama4_maverick,Llama-4-Maverick-17B,aboriginal_english,64.73,54.05,-10.68,1741,66.13,66.93,0.80,750
llama4_maverick,Llama-4-Maverick-17B,acrolectal_fiji_english,63.20,51.33,-11.87,750,67.07,66.27,-0.80,750
llama4_maverick,Llama-4-Maverick-17B,appalachian_english,63.20,53.20,-10.00,750,67.47,66.27,-1.20,750
llama4_maverick,Llama-4-Maverick-17B,australian_english,62.00,50.40,-11.60,750,66.13,66.27,0.13,750
llama4_maverick,Llama-4-Maverick-17B,australian_vernacular_english,63.60,52.67,-10.93,750,66.80,65.87,-0.93,750
llama4_maverick,Llama-4-Maverick-17B,bahamian_english,63.73,55.47,-8.27,750,67.07,67.33,0.27,750
llama4_maverick,Llama-4-Maverick-17B,black_south_african_english,62.27,56.00,-6.27,750,67.73,67.20,-0.53,750
llama4_maverick,Llama-4-Maverick-17B,cameroon_english,64.53,53.33,-11.20,750,69.20,68.40,-0.80,750
llama4_maverick,Llama-4-Maverick-17B,cape_flats_english,64.27,53.47,-10.80,750,68.67,68.27,-0.40,750
llama4_maverick,Llama-4-Maverick-17B,channel_islands_english,65.47,53.33,-12.13,750,69.33,68.80,-0.53,750
llama4_maverick,Llama-4-Maverick-17B,chicano_english,64.40,52.00,-12.40,750,68.00,68.53,0.53,750
llama4_maverick,Llama-4-Maverick-17B,colloquial_american_english,64.13,54.80,-9.33,750,68.53,68.80,0.27,750
llama4_maverick,Llama-4-Maverick-17B,colloquial_singapore_english_singlish,66.80,55.73,-11.07,750,67.07,70.13,3.07,750
llama4_maverick,Llama-4-Maverick-17B,earlier_african_american_vernacular_english,63.87,50.93,-12.93,750,67.60,66.13,-1.47,750
llama4_maverick,Llama-4-Maverick-17B,east_anglian_english,64.40,52.27,-12.13,750,68.27,66.93,-1.33,750
llama4_maverick,Llama-4-Maverick-17B,english_dialects_in_the_north_of_england,62.53,52.27,-10.27,750,66.13,66.53,0.40,750
llama4_maverick,Llama-4-Maverick-17B,english_dialects_in_the_southeast_of_england,62.40,52.93,-9.47,750,66.80,66.27,-0.53,750
llama4_maverick,Llama-4-Maverick-17B,english_dialects_in_the_southwest_of_england,62.93,51.07,-11.87,750,65.87,64.67,-1.20,750
llama4_maverick,Llama-4-Maverick-17B,falkland_islands_english,63.07,48.80,-14.27,750,66.27,66.53,0.27,750
llama4_maverick,Llama-4-Maverick-17B,ghanaian_english,61.20,51.33,-9.87,750,65.60,64.53,-1.07,750
llama4_maverick,Llama-4-Maverick-17B,hong_kong_english,62.93,52.80,-10.13,750,64.93,63.87,-1.07,750
llama4_maverick,Llama-4-Maverick-17B,indian_english,62.13,52.80,-9.33,750,65.87,64.93,-0.93,750
llama4_maverick,Llama-4-Maverick-17B,indian_south_african_english,62.13,54.67,-7.47,750,66.27,65.20,-1.07,750
llama4_maverick,Llama-4-Maverick-17B,irish_english,61.60,52.27,-9.33,750,65.47,64.93,-0.53,750
llama4_maverick,Llama-4-Maverick-17B,jamaican_english,62.53,52.67,-9.87,750,64.13,64.93,0.80,750
llama4_maverick,Llama-4-Maverick-17B,kenyan_english,61.20,52.00,-9.20,750,65.60,65.47,-0.13,750
llama4_maverick,Llama-4-Maverick-17B,liberian_settler_english,62.13,52.40,-9.73,750,65.60,65.87,0.27,750
llama4_maverick,Llama-4-Maverick-17B,malaysian_english,61.33,54.13,-7.20,750,66.53,66.00,-0.53,750
llama4_maverick,Llama-4-Maverick-17B,maltese_english,63.60,53.33,-10.27,750,66.53,67.07,0.53,750
llama4_maverick,Llama-4-Maverick-17B,manx_english,65.20,55.20,-10.00,750,66.27,65.33,-0.93,750
llama4_maverick,Llama-4-Maverick-17B,new_zealand_english,63.47,55.20,-8.27,750,67.20,66.27,-0.93,750
llama4_maverick,Llama-4-Maverick-17B,newfoundland_english,62.67,53.20,-9.47,750,68.00,66.40,-1.60,750
llama4_maverick,Llama-4-Maverick-17B,nigerian_english,64.40,53.47,-10.93,750,65.47,64.93,-0.53,750
llama4_maverick,Llama-4-Maverick-17B,orkney_and_shetland_english,62.67,54.80,-7.87,750,68.93,66.80,-2.13,750
llama4_maverick,Llama-4-Maverick-17B,ozark_english,62.40,52.93,-9.47,750,66.13,66.53,0.40,750
llama4_maverick,Llama-4-Maverick-17B,pakistani_english,62.27,53.20,-9.07,750,66.27,65.60,-0.67,750
llama4_maverick,Llama-4-Maverick-17B,philippine_english,61.73,57.73,-4.00,750,65.60,65.20,-0.40,750
llama4_maverick,Llama-4-Maverick-17B,pure_fiji_english_basilectal_fijie,61.47,50.40,-11.07,750,65.60,64.67,-0.93,750
llama4_maverick,Llama-4-Maverick-17B,rural_african_american_vernacular_english,61.20,52.13,-9.07,750,65.07,64.67,-0.40,750
llama4_maverick,Llama-4-Maverick-17B,scottish_english,65.20,56.93,-8.27,750,68.93,66.67,-2.27,750
llama4_maverick,Llama-4-Maverick-17B,southeast_american_enclave_dialects,63.60,53.60,-10.00,750,67.12,65.76,-1.36,736
llama4_maverick,Llama-4-Maverick-17B,sri_lankan_english,61.87,55.07,-6.80,750,66.27,66.67,0.40,750
llama4_maverick,Llama-4-Maverick-17B,st_helena_english,63.47,55.87,-7.60,750,66.80,66.80,0.00,750
llama4_maverick,Llama-4-Maverick-17B,tanzanian_english,60.00,53.07,-6.93,750,66.67,65.73,-0.93,750
llama4_maverick,Llama-4-Maverick-17B,tristan_da_cunha_english,63.47,55.47,-8.00,750,66.93,65.73,-1.20,750
llama4_maverick,Llama-4-Maverick-17B,ugandan_english,63.47,51.47,-12.00,750,65.60,65.87,0.27,750
llama4_maverick,Llama-4-Maverick-17B,urban_african_american_vernacular_english,61.07,51.73,-9.33,750,65.07,64.53,-0.53,750
llama4_maverick,Llama-4-Maverick-17B,welsh_english,61.14,52.00,-9.14,700,64.86,64.29,-0.57,700
llama4_maverick,Llama-4-Maverick-17B,white_south_african_english,,,,0,47.78,49.11,1.33,450
llama4_maverick,Llama-4-Maverick-17B,white_zimbabwean_english,,,,0,49.11,49.56,0.44,450
ministral_14b,Ministral-14B,aboriginal_english,72.70,74.19,1.50,1736,73.87,75.07,1.20,750
ministral_14b,Ministral-14B,acrolectal_fiji_english,69.47,72.80,3.33,750,72.13,74.53,2.40,750
ministral_14b,Ministral-14B,appalachian_english,69.60,71.20,1.60,750,73.87,74.53,0.67,750
ministral_14b,Ministral-14B,australian_english,71.33,72.13,0.80,750,71.47,74.93,3.47,750
ministral_14b,Ministral-14B,australian_vernacular_english,74.67,75.33,0.67,750,77.20,77.60,0.40,750
ministral_14b,Ministral-14B,bahamian_english,75.07,76.13,1.07,750,76.93,80.53,3.60,750
ministral_14b,Ministral-14B,black_south_african_english,72.27,75.33,3.07,750,76.80,80.13,3.33,750
ministral_14b,Ministral-14B,cameroon_english,74.00,75.47,1.47,750,75.87,77.87,2.00,750
ministral_14b,Ministral-14B,cape_flats_english,74.27,75.73,1.47,750,75.47,79.60,4.13,750
ministral_14b,Ministral-14B,channel_islands_english,73.20,75.47,2.27,750,76.27,78.27,2.00,750
ministral_14b,Ministral-14B,chicano_english,72.53,71.60,-0.93,750,75.60,75.47,-0.13,750
ministral_14b,Ministral-14B,colloquial_american_english,72.53,73.60,1.07,750,74.27,76.40,2.13,750
ministral_14b,Ministral-14B,colloquial_singapore_english_singlish,73.33,75.33,2.00,750,75.20,77.07,1.87,750
ministral_14b,Ministral-14B,earlier_african_american_vernacular_english,72.00,70.00,-2.00,750,73.60,75.20,1.60,750
ministral_14b,Ministral-14B,east_anglian_english,71.07,71.20,0.13,750,73.07,74.80,1.73,750
ministral_14b,Ministral-14B,english_dialects_in_the_north_of_england,70.53,73.73,3.20,750,73.73,76.53,2.80,750
ministral_14b,Ministral-14B,english_dialects_in_the_southeast_of_england,69.07,70.93,1.87,750,72.80,74.80,2.00,750
ministral_14b,Ministral-14B,english_dialects_in_the_southwest_of_england,68.93,70.00,1.07,750,71.47,73.07,1.60,750
ministral_14b,Ministral-14B,falkland_islands_english,68.13,68.53,0.40,750,70.67,72.93,2.27,750
ministral_14b,Ministral-14B,ghanaian_english,68.27,69.87,1.60,750,70.00,72.27,2.27,750
ministral_14b,Ministral-14B,hong_kong_english,69.07,70.67,1.60,750,70.13,75.20,5.07,750
ministral_14b,Ministral-14B,indian_english,68.00,69.20,1.20,750,71.07,72.80,1.73,750
ministral_14b,Ministral-14B,indian_south_african_english,71.87,73.33,1.47,750,73.47,75.20,1.73,750
ministral_14b,Ministral-14B,irish_english,68.13,70.27,2.13,750,71.47,74.67,3.20,750
ministral_14b,Ministral-14B,jamaican_english,70.00,69.87,-0.13,750,71.20,72.67,1.47,750
ministral_14b,Ministral-14B,kenyan_english,67.73,68.93,1.20,750,70.53,73.60,3.07,750
ministral_14b,Ministral-14B,liberian_settler_english,68.00,68.27,0.27,750,70.67,72.53,1.87,750
ministral_14b,Ministral-14B,malaysian_english,68.00,67.60,-0.40,750,71.73,74.53,2.80,750
ministral_14b,Ministral-14B,maltese_english,70.93,71.33,0.40,750,71.20,75.73,4.53,750
ministral_14b,Ministral-14B,manx_english,71.47,73.60,2.13,750,73.20,72.67,-0.53,750
ministral_14b,Ministral-14B,new_zealand_english,70.13,69.87,-0.27,750,73.07,74.27,1.20,750
ministral_14b,Ministral-14B,newfoundland_english,69.60,70.93,1.33,750,73.47,75.07,1.60,750
ministral_14b,Ministral-14B,nigerian_english,72.40,71.20,-1.20,750,72.13,73.47,1.33,750
ministral_14b,Ministral-14B,orkney_and_shetland_english,68.13,67.87,-0.27,750,73.20,74.13,0.93,750
ministral_14b,Ministral-14B,ozark_english,69.33,71.07,1.73,750,71.87,72.80,0.93,750
ministral_14b,Ministral-14B,pakistani_english,69.73,70.00,0.27,750,72.13,73.20,1.07,750
ministral_14b,Ministral-14B,philippine_english,69.33,71.47,2.13,750,71.20,73.60,2.40,750
ministral_14b,Ministral-14B,pure_fiji_english_basilectal_fijie,68.93,69.47,0.53,750,71.33,73.60,2.27,750
ministral_14b,Ministral-14B,rural_african_american_vernacular_english,68.13,68.80,0.67,750,71.73,72.27,0.53,750
ministral_14b,Ministral-14B,scottish_english,73.33,73.20,-0.13,750,74.00,75.73,1.73,750
ministral_14b,Ministral-14B,southeast_american_enclave_dialects,69.60,70.13,0.53,750,70.65,72.96,2.31,736
ministral_14b,Ministral-14B,sri_lankan_english,70.67,70.00,-0.67,750,71.47,71.73,0.27,750
ministral_14b,Ministral-14B,st_helena_english,70.13,71.73,1.60,750,72.67,76.27,3.60,750
ministral_14b,Ministral-14B,tanzanian_english,68.67,68.13,-0.53,750,71.73,73.60,1.87,750
ministral_14b,Ministral-14B,tristan_da_cunha_english,70.13,70.67,0.53,750,71.07,73.87,2.80,750
ministral_14b,Ministral-14B,ugandan_english,70.40,71.20,0.80,750,72.00,74.00,2.00,750
ministral_14b,Ministral-14B,urban_african_american_vernacular_english,69.87,70.27,0.40,750,71.47,73.47,2.00,750
ministral_14b,Ministral-14B,welsh_english,66.14,68.57,2.43,700,69.71,71.57,1.86,700
ministral_14b,Ministral-14B,white_south_african_english,,,,0,61.78,63.56,1.78,450
ministral_14b,Ministral-14B,white_zimbabwean_english,,,,0,62.44,66.67,4.22,450
mistral_7b,Mistral-7B,aboriginal_english,49.20,39.87,-9.33,750,54.53,52.67,-1.87,750
mistral_7b,Mistral-7B,acrolectal_fiji_english,50.53,40.67,-9.87,750,55.47,55.33,-0.13,750
mistral_7b,Mistral-7B,appalachian_english,51.33,40.67,-10.67,750,56.27,55.33,-0.93,750
mistral_7b,Mistral-7B,australian_english,51.33,39.87,-11.47,750,55.60,53.33,-2.27,750
mistral_7b,Mistral-7B,australian_vernacular_english,48.53,36.53,-12.00,750,52.13,50.80,-1.33,750
mistral_7b,Mistral-7B,bahamian_english,45.60,36.93,-8.67,750,50.13,47.07,-3.07,750
mistral_7b,Mistral-7B,black_south_african_english,45.33,35.87,-9.47,750,51.07,45.60,-5.47,750
mistral_7b,Mistral-7B,cameroon_english,47.47,37.47,-10.00,750,51.87,49.07,-2.80,750
mistral_7b,Mistral-7B,cape_flats_english,46.93,36.13,-10.80,750,53.87,50.40,-3.47,750
mistral_7b,Mistral-7B,channel_islands_english,48.93,38.40,-10.53,750,53.33,49.60,-3.73,750
mistral_7b,Mistral-7B,chicano_english,50.67,40.00,-10.67,750,55.07,55.33,0.27,750
mistral_7b,Mistral-7B,colloquial_american_english,51.20,41.60,-9.60,750,55.47,54.67,-0.80,750
mistral_7b,Mistral-7B,colloquial_singapore_english_singlish,50.27,41.73,-8.53,750,55.60,54.53,-1.07,750
mistral_7b,Mistral-7B,earlier_african_american_vernacular_english,49.73,37.87,-11.87,750,56.00,52.27,-3.73,750
mistral_7b,Mistral-7B,east_anglian_english,49.60,40.27,-9.33,750,55.47,55.07,-0.40,750
mistral_7b,Mistral-7B,english_dialects_in_the_north_of_england,49.73,41.20,-8.53,750,55.73,53.33,-2.40,750
mistral_7b,Mistral-7B,english_dialects_in_the_southeast_of_england,49.20,40.13,-9.07,750,55.47,54.27,-1.20,750
mistral_7b,Mistral-7B,english_dialects_in_the_southwest_of_england,50.40,39.87,-10.53,750,54.53,51.07,-3.47,750
mistral_7b,Mistral-7B,falkland_islands_english,48.80,38.27,-10.53,750,55.87,55.60,-0.27,750
mistral_7b,Mistral-7B,ghanaian_english,50.93,41.87,-9.07,750,54.40,53.60,-0.80,750
mistral_7b,Mistral-7B,hong_kong_english,49.73,40.80,-8.93,750,54.67,50.40,-4.27,750
mistral_7b,Mistral-7B,indian_english,50.27,41.07,-9.20,750,56.00,53.07,-2.93,750
mistral_7b,Mistral-7B,indian_south_african_english,50.93,42.53,-8.40,750,55.60,53.20,-2.40,750
mistral_7b,Mistral-7B,irish_english,49.87,40.67,-9.20,750,55.60,52.13,-3.47,750
mistral_7b,Mistral-7B,jamaican_english,50.93,41.07,-9.87,750,55.33,52.27,-3.07,750
mistral_7b,Mistral-7B,kenyan_english,49.47,40.93,-8.53,750,54.27,53.20,-1.07,750
mistral_7b,Mistral-7B,liberian_settler_english,48.80,40.53,-8.27,750,54.53,53.73,-0.80,750
mistral_7b,Mistral-7B,malaysian_english,49.73,40.80,-8.93,750,54.40,53.87,-0.53,750
mistral_7b,Mistral-7B,maltese_english,50.67,41.33,-9.33,750,54.80,53.73,-1.07,750
mistral_7b,Mistral-7B,manx_english,51.60,43.07,-8.53,750,55.47,49.07,-6.40,750
mistral_7b,Mistral-7B,new_zealand_english,50.27,42.27,-8.00,750,55.73,53.73,-2.00,750
mistral_7b,Mistral-7B,newfoundland_english,50.27,41.47,-8.80,750,55.33,50.80,-4.53,750
mistral_7b,Mistral-7B,nigerian_english,50.80,41.60,-9.20,750,54.80,53.60,-1.20,750
mistral_7b,Mistral-7B,orkney_and_shetland_english,50.53,41.47,-9.07,750,56.40,54.53,-1.87,750
mistral_7b,Mistral-7B,ozark_english,50.53,42.00,-8.53,750,54.80,54.00,-0.80,750
mistral_7b,Mistral-7B,pakistani_english,51.73,42.67,-9.07,750,55.07,54.67,-0.40,750
mistral_7b,Mistral-7B,philippine_english,50.93,46.00,-4.93,750,55.47,52.53,-2.93,750
mistral_7b,Mistral-7B,pure_fiji_english_basilectal_fijie,49.60,40.00,-9.60,750,55.07,51.60,-3.47,750
mistral_7b,Mistral-7B,rural_african_american_vernacular_english,51.33,42.93,-8.40,750,55.33,52.13,-3.20,750
mistral_7b,Mistral-7B,scottish_english,51.60,43.33,-8.27,750,54.80,52.93,-1.87,750
mistral_7b,Mistral-7B,southeast_american_enclave_dialects,49.87,40.80,-9.07,750,55.03,52.45,-2.58,736
mistral_7b,Mistral-7B,sri_lankan_english,49.20,42.40,-6.80,750,55.73,54.53,-1.20,750
mistral_7b,Mistral-7B,st_helena_english,50.67,42.27,-8.40,750,56.40,53.33,-3.07,750
mistral_7b,Mistral-7B,tanzanian_english,49.20,39.87,-9.33,750,54.13,53.20,-0.93,750
mistral_7b,Mistral-7B,tristan_da_cunha_english,50.67,43.20,-7.47,750,55.07,53.73,-1.33,750
mistral_7b,Mistral-7B,ugandan_english,50.80,41.20,-9.60,750,54.93,54.67,-0.27,750
mistral_7b,Mistral-7B,urban_african_american_vernacular_english,50.27,40.40,-9.87,750,54.93,53.73,-1.20,750
mistral_7b,Mistral-7B,welsh_english,47.71,38.57,-9.14,700,51.43,46.71,-4.71,700
mistral_7b,Mistral-7B,white_south_african_english,,,,0,31.11,28.67,-2.44,450
mistral_7b,Mistral-7B,white_zimbabwean_english,,,,0,29.78,28.44,-1.33,450
mistral_large3,Mistral-3-Large-675B,aboriginal_english,66.11,58.13,-7.98,1679,67.47,69.33,1.87,750
mistral_large3,Mistral-3-Large-675B,acrolectal_fiji_english,63.87,54.53,-9.33,750,66.00,67.47,1.47,750
mistral_large3,Mistral-3-Large-675B,appalachian_english,63.60,53.60,-10.00,750,68.13,67.07,-1.07,750
mistral_large3,Mistral-3-Large-675B,australian_english,63.47,53.87,-9.60,750,66.53,67.20,0.67,750
mistral_large3,Mistral-3-Large-675B,australian_vernacular_english,62.00,52.67,-9.33,750,65.07,64.13,-0.93,750
mistral_large3,Mistral-3-Large-675B,bahamian_english,61.60,54.93,-6.67,750,64.67,65.87,1.20,750
mistral_large3,Mistral-3-Large-675B,black_south_african_english,61.73,53.07,-8.67,750,64.40,66.40,2.00,750
mistral_large3,Mistral-3-Large-675B,cameroon_english,63.60,54.40,-9.20,750,65.60,66.93,1.33,750
mistral_large3,Mistral-3-Large-675B,cape_flats_english,64.80,54.00,-10.80,750,66.53,67.07,0.53,750
mistral_large3,Mistral-3-Large-675B,channel_islands_english,63.73,54.27,-9.47,750,66.93,66.53,-0.40,750
mistral_large3,Mistral-3-Large-675B,chicano_english,65.07,54.53,-10.53,750,67.60,67.33,-0.27,750
mistral_large3,Mistral-3-Large-675B,colloquial_american_english,65.07,54.00,-11.07,750,66.80,68.53,1.73,750
mistral_large3,Mistral-3-Large-675B,colloquial_singapore_english_singlish,65.87,56.67,-9.20,750,66.80,69.60,2.80,750
mistral_large3,Mistral-3-Large-675B,earlier_african_american_vernacular_english,64.93,53.07,-11.87,750,67.73,67.73,0.00,750
mistral_large3,Mistral-3-Large-675B,east_anglian_english,64.13,54.27,-9.87,750,67.87,67.20,-0.67,750
mistral_large3,Mistral-3-Large-675B,english_dialects_in_the_north_of_england,65.47,55.60,-9.87,750,67.47,67.07,-0.40,750
mistral_large3,Mistral-3-Large-675B,english_dialects_in_the_southeast_of_england,65.20,55.20,-10.00,750,66.67,67.73,1.07,750
mistral_large3,Mistral-3-Large-675B,english_dialects_in_the_southwest_of_england,63.73,52.40,-11.33,750,65.33,65.33,0.00,750
mistral_large3,Mistral-3-Large-675B,falkland_islands_english,63.73,52.27,-11.47,750,65.87,66.13,0.27,750
mistral_large3,Mistral-3-Large-675B,ghanaian_english,63.87,54.13,-9.73,750,65.60,66.27,0.67,750
mistral_large3,Mistral-3-Large-675B,hong_kong_english,64.93,55.60,-9.33,750,66.27,66.67,0.40,750
mistral_large3,Mistral-3-Large-675B,indian_english,64.27,56.80,-7.47,750,64.67,66.80,2.13,750
mistral_large3,Mistral-3-Large-675B,indian_south_african_english,63.07,55.73,-7.33,750,66.40,69.07,2.67,750
mistral_large3,Mistral-3-Large-675B,irish_english,62.53,53.87,-8.67,750,66.00,65.73,-0.27,750
mistral_large3,Mistral-3-Large-675B,jamaican_english,65.73,53.47,-12.27,750,66.13,64.93,-1.20,750
mistral_large3,Mistral-3-Large-675B,kenyan_english,63.07,54.27,-8.80,750,65.33,66.13,0.80,750
mistral_large3,Mistral-3-Large-675B,liberian_settler_english,62.13,54.13,-8.00,750,65.20,67.20,2.00,750
mistral_large3,Mistral-3-Large-675B,malaysian_english,63.07,55.07,-8.00,750,66.40,66.13,-0.27,750
mistral_large3,Mistral-3-Large-675B,maltese_english,64.13,56.93,-7.20,750,66.53,68.93,2.40,750
mistral_large3,Mistral-3-Large-675B,manx_english,64.80,55.87,-8.93,750,66.67,67.20,0.53,750
mistral_large3,Mistral-3-Large-675B,new_zealand_english,63.87,57.47,-6.40,750,66.27,69.07,2.80,750
mistral_large3,Mistral-3-Large-675B,newfoundland_english,62.80,51.73,-11.07,750,66.67,68.13,1.47,750
mistral_large3,Mistral-3-Large-675B,nigerian_english,65.33,57.07,-8.27,750,66.67,68.00,1.33,750
mistral_large3,Mistral-3-Large-675B,orkney_and_shetland_english,64.00,55.20,-8.80,750,67.47,67.47,0.00,750
mistral_large3,Mistral-3-Large-675B,ozark_english,62.53,53.87,-8.67,750,66.93,66.80,-0.13,750
mistral_large3,Mistral-3-Large-675B,pakistani_english,64.40,56.93,-7.47,750,65.87,66.93,1.07,750
mistral_large3,Mistral-3-Large-675B,philippine_english,62.67,57.60,-5.07,750,65.60,67.07,1.47,750
mistral_large3,Mistral-3-Large-675B,pure_fiji_english_basilectal_fijie,63.47,53.33,-10.13,750,65.87,65.07,-0.80,750
mistral_large3,Mistral-3-Large-675B,rural_african_american_vernacular_english,62.67,53.87,-8.80,750,66.27,65.33,-0.93,750
mistral_large3,Mistral-3-Large-675B,scottish_english,65.87,57.87,-8.00,750,67.07,68.13,1.07,750
mistral_large3,Mistral-3-Large-675B,southeast_american_enclave_dialects,64.00,54.40,-9.60,750,66.03,64.95,-1.09,736
mistral_large3,Mistral-3-Large-675B,sri_lankan_english,63.07,55.07,-8.00,750,66.00,65.60,-0.40,750
mistral_large3,Mistral-3-Large-675B,st_helena_english,65.07,56.40,-8.67,750,67.47,68.93,1.47,750
mistral_large3,Mistral-3-Large-675B,tanzanian_english,62.53,55.20,-7.33,750,65.87,65.60,-0.27,750
mistral_large3,Mistral-3-Large-675B,tristan_da_cunha_english,63.47,56.00,-7.47,750,66.80,66.80,0.00,750
mistral_large3,Mistral-3-Large-675B,ugandan_english,63.73,53.60,-10.13,750,67.33,67.20,-0.13,750
mistral_large3,Mistral-3-Large-675B,urban_african_american_vernacular_english,64.13,54.13,-10.00,750,65.60,66.27,0.67,750
mistral_large3,Mistral-3-Large-675B,welsh_english,60.57,53.00,-7.57,700,63.29,64.57,1.29,700
mistral_large3,Mistral-3-Large-675B,white_south_african_english,,,,0,48.67,47.33,-1.33,450
mistral_large3,Mistral-3-Large-675B,white_zimbabwean_english,,,,0,50.22,48.22,-2.00,450
qwen3_32b,Qwen3-32B,aboriginal_english,68.21,67.92,-0.29,1733,71.07,72.27,1.20,750
qwen3_32b,Qwen3-32B,acrolectal_fiji_english,64.13,63.60,-0.53,750,66.93,69.20,2.27,750
qwen3_32b,Qwen3-32B,appalachian_english,65.87,64.27,-1.60,750,68.00,69.07,1.07,750
qwen3_32b,Qwen3-32B,australian_english,64.53,62.53,-2.00,750,66.67,67.60,0.93,750
qwen3_32b,Qwen3-32B,australian_vernacular_english,65.87,65.60,-0.27,750,68.53,70.00,1.47,750
qwen3_32b,Qwen3-32B,bahamian_english,66.00,65.47,-0.53,750,68.93,70.53,1.60,750
qwen3_32b,Qwen3-32B,black_south_african_english,65.07,65.87,0.80,750,67.47,70.80,3.33,750
qwen3_32b,Qwen3-32B,cameroon_english,66.13,64.13,-2.00,750,67.60,69.47,1.87,750
qwen3_32b,Qwen3-32B,cape_flats_english,66.13,66.67,0.53,750,67.60,69.60,2.00,750
qwen3_32b,Qwen3-32B,channel_islands_english,66.40,66.00,-0.40,750,67.60,69.47,1.87,750
qwen3_32b,Qwen3-32B,chicano_english,65.73,65.87,0.13,750,68.40,69.20,0.80,750
qwen3_32b,Qwen3-32B,colloquial_american_english,67.20,66.67,-0.53,750,68.67,69.87,1.20,750
qwen3_32b,Qwen3-32B,colloquial_singapore_english_singlish,66.40,65.20,-1.20,750,67.87,71.07,3.20,750
qwen3_32b,Qwen3-32B,earlier_african_american_vernacular_english,65.73,64.27,-1.47,750,67.33,68.93,1.60,750
qwen3_32b,Qwen3-32B,east_anglian_english,65.87,67.07,1.20,750,68.53,68.93,0.40,750
qwen3_32b,Qwen3-32B,english_dialects_in_the_north_of_england,65.07,64.67,-0.40,750,67.33,67.73,0.40,750
qwen3_32b,Qwen3-32B,english_dialects_in_the_southeast_of_england,63.87,65.07,1.20,750,67.47,66.53,-0.93,750
qwen3_32b,Qwen3-32B,english_dialects_in_the_southwest_of_england,64.40,64.80,0.40,750,65.73,65.87,0.13,750
qwen3_32b,Qwen3-32B,falkland_islands_english,63.87,62.13,-1.73,750,65.87,68.00,2.13,750
qwen3_32b,Qwen3-32B,ghanaian_english,62.67,62.67,0.00,750,64.40,67.20,2.80,750
qwen3_32b,Qwen3-32B,hong_kong_english,64.80,63.07,-1.73,750,64.53,67.87,3.33,750
qwen3_32b,Qwen3-32B,indian_english,65.20,62.67,-2.53,750,65.47,67.07,1.60,750
qwen3_32b,Qwen3-32B,indian_south_african_english,65.20,65.33,0.13,750,67.73,68.67,0.93,750
qwen3_32b,Qwen3-32B,irish_english,62.53,62.27,-0.27,750,66.40,66.27,-0.13,750
qwen3_32b,Qwen3-32B,jamaican_english,62.67,63.20,0.53,750,65.07,66.53,1.47,750
qwen3_32b,Qwen3-32B,kenyan_english,64.40,62.93,-1.47,750,65.87,67.60,1.73,750
qwen3_32b,Qwen3-32B,liberian_settler_english,63.60,60.80,-2.80,750,66.40,68.67,2.27,750
qwen3_32b,Qwen3-32B,malaysian_english,63.87,62.13,-1.73,750,67.60,67.33,-0.27,750
qwen3_32b,Qwen3-32B,maltese_english,64.40,63.60,-0.80,750,66.67,68.00,1.33,750
qwen3_32b,Qwen3-32B,manx_english,65.60,64.27,-1.33,750,66.93,68.53,1.60,750
qwen3_32b,Qwen3-32B,new_zealand_english,65.47,63.73,-1.73,750,67.07,70.00,2.93,750
qwen3_32b,Qwen3-32B,newfoundland_english,64.00,63.33,-0.67,750,66.93,69.33,2.40,750
qwen3_32b,Qwen3-32B,nigerian_english,63.73,64.00,0.27,750,67.60,68.67,1.07,750
qwen3_32b,Qwen3-32B,orkney_and_shetland_english,64.53,62.27,-2.27,750,69.20,68.13,-1.07,750
qwen3_32b,Qwen3-32B,ozark_english,65.33,61.73,-3.60,750,64.53,66.53,2.00,750
qwen3_32b,Qwen3-32B,pakistani_english,64.13,65.47,1.33,750,66.40,68.40,2.00,750
qwen3_32b,Qwen3-32B,philippine_english,62.93,61.07,-1.87,750,66.40,66.80,0.40,750
qwen3_32b,Qwen3-32B,pure_fiji_english_basilectal_fijie,63.73,61.87,-1.87,750,65.73,65.33,-0.40,750
qwen3_32b,Qwen3-32B,rural_african_american_vernacular_english,63.07,61.47,-1.60,750,65.33,66.13,0.80,750
qwen3_32b,Qwen3-32B,scottish_english,66.67,67.07,0.40,750,67.73,68.00,0.27,750
qwen3_32b,Qwen3-32B,southeast_american_enclave_dialects,65.20,65.60,0.40,750,66.17,66.30,0.14,736
qwen3_32b,Qwen3-32B,sri_lankan_english,63.07,61.73,-1.33,750,67.20,66.00,-1.20,750
qwen3_32b,Qwen3-32B,st_helena_english,64.27,64.53,0.27,750,67.73,69.87,2.13,750
qwen3_32b,Qwen3-32B,tanzanian_english,64.00,62.40,-1.60,750,68.27,66.27,-2.00,750
qwen3_32b,Qwen3-32B,tristan_da_cunha_english,65.73,64.00,-1.73,750,66.53,68.00,1.47,750
qwen3_32b,Qwen3-32B,ugandan_english,64.93,63.87,-1.07,750,66.80,67.47,0.67,750
qwen3_32b,Qwen3-32B,urban_african_american_vernacular_english,64.80,63.60,-1.20,750,65.60,68.13,2.53,750
qwen3_32b,Qwen3-32B,welsh_english,62.71,62.00,-0.71,700,64.86,66.29,1.43,700
qwen3_32b,Qwen3-32B,white_south_african_english,,,,0,51.78,53.56,1.78,450
qwen3_32b,Qwen3-32B,white_zimbabwean_english,,,,0,50.44,53.33,2.89,450
qwen3_coder_30b,Qwen3-Coder-Instruct-30B,aboriginal_english,72.97,63.83,-9.14,1587,75.07,78.00,2.93,750
qwen3_coder_30b,Qwen3-Coder-Instruct-30B,acrolectal_fiji_english,70.93,59.60,-11.33,750,72.53,74.27,1.73,750
qwen3_coder_30b,Qwen3-Coder-Instruct-30B,appalachian_english,71.47,61.47,-10.00,750,73.87,76.40,2.53,750
qwen3_coder_30b,Qwen3-Coder-Instruct-30B,australian_english,70.13,59.20,-10.93,750,72.40,74.27,1.87,750
qwen3_coder_30b,Qwen3-Coder-Instruct-30B,australian_vernacular_english,67.07,55.07,-12.00,750,67.87,69.07,1.20,750
qwen3_coder_30b,Qwen3-Coder-Instruct-30B,bahamian_english,65.33,58.67,-6.67,750,67.33,73.33,6.00,750
qwen3_coder_30b,Qwen3-Coder-Instruct-30B,black_south_african_english,65.73,58.27,-7.47,750,66.93,73.33,6.40,750
qwen3_coder_30b,Qwen3-Coder-Instruct-30B,cameroon_english,68.13,59.87,-8.27,750,70.80,74.93,4.13,750
qwen3_coder_30b,Qwen3-Coder-Instruct-30B,cape_flats_english,71.87,61.07,-10.80,750,71.33,75.60,4.27,750
qwen3_coder_30b,Qwen3-Coder-Instruct-30B,channel_islands_english,69.60,60.80,-8.80,750,71.33,74.13,2.80,750
qwen3_coder_30b,Qwen3-Coder-Instruct-30B,chicano_english,72.27,61.07,-11.20,750,74.13,75.07,0.93,750
qwen3_coder_30b,Qwen3-Coder-Instruct-30B,colloquial_american_english,71.73,61.87,-9.87,750,73.87,76.67,2.80,750
qwen3_coder_30b,Qwen3-Coder-Instruct-30B,colloquial_singapore_english_singlish,71.87,64.80,-7.07,750,72.53,78.27,5.73,750
qwen3_coder_30b,Qwen3-Coder-Instruct-30B,earlier_african_american_vernacular_english,70.53,59.33,-11.20,750,74.80,76.93,2.13,750
qwen3_coder_30b,Qwen3-Coder-Instruct-30B,east_anglian_english,71.07,61.87,-9.20,750,72.40,74.00,1.60,750
qwen3_coder_30b,Qwen3-Coder-Instruct-30B,english_dialects_in_the_north_of_england,69.20,61.60,-7.60,750,71.47,75.20,3.73,750
qwen3_coder_30b,Qwen3-Coder-Instruct-30B,english_dialects_in_the_southeast_of_england,68.53,62.40,-6.13,750,71.60,72.27,0.67,750
qwen3_coder_30b,Qwen3-Coder-Instruct-30B,english_dialects_in_the_southwest_of_england,67.87,57.07,-10.80,750,68.80,73.07,4.27,750
qwen3_coder_30b,Qwen3-Coder-Instruct-30B,falkland_islands_english,69.33,59.07,-10.27,750,71.07,72.00,0.93,750
qwen3_coder_30b,Qwen3-Coder-Instruct-30B,ghanaian_english,69.33,57.87,-11.47,750,70.40,73.33,2.93,750
qwen3_coder_30b,Qwen3-Coder-Instruct-30B,hong_kong_english,67.87,60.40,-7.47,750,70.80,74.27,3.47,750
qwen3_coder_30b,Qwen3-Coder-Instruct-30B,indian_english,68.93,60.00,-8.93,750,70.80,74.27,3.47,750
qwen3_coder_30b,Qwen3-Coder-Instruct-30B,indian_south_african_english,67.73,61.07,-6.67,750,69.47,75.33,5.87,750
qwen3_coder_30b,Qwen3-Coder-Instruct-30B,irish_english,66.00,59.33,-6.67,750,69.60,72.93,3.33,750
qwen3_coder_30b,Qwen3-Coder-Instruct-30B,jamaican_english,68.40,60.13,-8.27,750,68.80,71.33,2.53,750
qwen3_coder_30b,Qwen3-Coder-Instruct-30B,kenyan_english,67.60,58.67,-8.93,750,70.67,73.47,2.80,750
qwen3_coder_30b,Qwen3-Coder-Instruct-30B,liberian_settler_english,67.87,58.27,-9.60,750,70.13,72.13,2.00,750
qwen3_coder_30b,Qwen3-Coder-Instruct-30B,malaysian_english,68.80,60.13,-8.67,750,72.00,72.27,0.27,750
qwen3_coder_30b,Qwen3-Coder-Instruct-30B,maltese_english,67.73,61.87,-5.87,750,69.33,73.33,4.00,750
qwen3_coder_30b,Qwen3-Coder-Instruct-30B,manx_english,71.07,61.20,-9.87,750,71.07,75.07,4.00,750
qwen3_coder_30b,Qwen3-Coder-Instruct-30B,new_zealand_english,68.27,60.40,-7.87,750,70.13,74.93,4.80,750
qwen3_coder_30b,Qwen3-Coder-Instruct-30B,newfoundland_english,69.07,59.47,-9.60,750,72.53,74.13,1.60,750
qwen3_coder_30b,Qwen3-Coder-Instruct-30B,nigerian_english,70.93,63.60,-7.33,750,72.40,73.73,1.33,750
qwen3_coder_30b,Qwen3-Coder-Instruct-30B,orkney_and_shetland_english,67.60,60.40,-7.20,750,71.47,75.47,4.00,750
qwen3_coder_30b,Qwen3-Coder-Instruct-30B,ozark_english,68.67,59.47,-9.20,750,70.27,71.60,1.33,750
qwen3_coder_30b,Qwen3-Coder-Instruct-30B,pakistani_english,70.00,60.13,-9.87,750,70.27,72.80,2.53,750
qwen3_coder_30b,Qwen3-Coder-Instruct-30B,philippine_english,68.13,62.93,-5.20,750,70.27,74.93,4.67,750
qwen3_coder_30b,Qwen3-Coder-Instruct-30B,pure_fiji_english_basilectal_fijie,67.20,59.60,-7.60,750,70.13,74.13,4.00,750
qwen3_coder_30b,Qwen3-Coder-Instruct-30B,rural_african_american_vernacular_english,69.07,59.47,-9.60,750,69.47,73.33,3.87,750
qwen3_coder_30b,Qwen3-Coder-Instruct-30B,scottish_english,73.20,64.40,-8.80,750,72.53,74.80,2.27,750
qwen3_coder_30b,Qwen3-Coder-Instruct-30B,southeast_american_enclave_dialects,70.13,61.33,-8.80,750,71.47,74.32,2.85,736
qwen3_coder_30b,Qwen3-Coder-Instruct-30B,sri_lankan_english,67.60,59.47,-8.13,750,68.40,72.53,4.13,750
qwen3_coder_30b,Qwen3-Coder-Instruct-30B,st_helena_english,68.93,62.13,-6.80,750,72.13,76.93,4.80,750
qwen3_coder_30b,Qwen3-Coder-Instruct-30B,tanzanian_english,68.27,59.87,-8.40,750,72.00,74.00,2.00,750
qwen3_coder_30b,Qwen3-Coder-Instruct-30B,tristan_da_cunha_english,69.07,61.87,-7.20,750,70.93,74.00,3.07,750
qwen3_coder_30b,Qwen3-Coder-Instruct-30B,ugandan_english,68.93,60.13,-8.80,750,70.93,72.80,1.87,750
qwen3_coder_30b,Qwen3-Coder-Instruct-30B,urban_african_american_vernacular_english,68.13,59.73,-8.40,750,69.60,72.80,3.20,750
qwen3_coder_30b,Qwen3-Coder-Instruct-30B,welsh_english,68.86,56.86,-12.00,700,68.71,70.71,2.00,700
qwen3_coder_30b,Qwen3-Coder-Instruct-30B,white_south_african_english,,,,0,51.56,53.33,1.78,450
qwen3_coder_30b,Qwen3-Coder-Instruct-30B,white_zimbabwean_english,,,,0,53.33,52.67,-0.67,450
qwen3_next_80b,Qwen3-235B,aboriginal_english,68.93,69.73,0.80,750,71.07,76.00,4.93,750
qwen3_next_80b,Qwen3-235B,acrolectal_fiji_english,69.87,69.20,-0.67,750,71.07,73.33,2.27,750
qwen3_next_80b,Qwen3-235B,appalachian_english,67.20,68.13,0.93,750,70.80,74.00,3.20,750
qwen3_next_80b,Qwen3-235B,australian_english,69.60,71.33,1.73,750,71.47,75.87,4.40,750
qwen3_next_80b,Qwen3-235B,australian_vernacular_english,66.27,66.93,0.67,750,68.67,70.80,2.13,750
qwen3_next_80b,Qwen3-235B,bahamian_english,64.13,66.53,2.40,750,68.53,74.00,5.47,750
qwen3_next_80b,Qwen3-235B,black_south_african_english,65.33,65.87,0.53,750,68.27,73.87,5.60,750
qwen3_next_80b,Qwen3-235B,cameroon_english,68.80,68.67,-0.13,750,69.87,74.27,4.40,750
qwen3_next_80b,Qwen3-235B,cape_flats_english,67.87,69.33,1.47,750,70.53,73.33,2.80,750
qwen3_next_80b,Qwen3-235B,channel_islands_english,70.27,67.47,-2.80,750,70.53,72.40,1.87,750
qwen3_next_80b,Qwen3-235B,chicano_english,68.27,69.33,1.07,750,72.13,73.20,1.07,750
qwen3_next_80b,Qwen3-235B,colloquial_american_english,70.80,69.73,-1.07,750,70.93,73.73,2.80,750
qwen3_next_80b,Qwen3-235B,colloquial_singapore_english_singlish,70.53,71.07,0.53,750,71.60,75.33,3.73,750
qwen3_next_80b,Qwen3-235B,earlier_african_american_vernacular_english,68.13,68.93,0.80,750,71.47,74.53,3.07,750
qwen3_next_80b,Qwen3-235B,east_anglian_english,68.00,70.13,2.13,750,71.87,73.33,1.47,750
qwen3_next_80b,Qwen3-235B,english_dialects_in_the_north_of_england,67.73,70.53,2.80,750,70.67,76.67,6.00,750
qwen3_next_80b,Qwen3-235B,english_dialects_in_the_southeast_of_england,68.40,68.93,0.53,750,71.33,72.93,1.60,750
qwen3_next_80b,Qwen3-235B,english_dialects_in_the_southwest_of_england,68.80,69.33,0.53,750,70.80,74.00,3.20,750
qwen3_next_80b,Qwen3-235B,falkland_islands_english,67.47,66.93,-0.53,750,69.87,71.60,1.73,750
qwen3_next_80b,Qwen3-235B,ghanaian_english,67.20,69.07,1.87,750,70.40,72.27,1.87,750
qwen3_next_80b,Qwen3-235B,hong_kong_english,68.53,69.20,0.67,750,70.53,73.47,2.93,750
qwen3_next_80b,Qwen3-235B,indian_english,68.93,69.87,0.93,750,70.93,73.47,2.53,750
qwen3_next_80b,Qwen3-235B,indian_south_african_english,70.00,70.00,0.00,750,72.00,74.93,2.93,750
qwen3_next_80b,Qwen3-235B,irish_english,66.67,68.67,2.00,750,70.27,73.20,2.93,750
qwen3_next_80b,Qwen3-235B,jamaican_english,67.20,69.20,2.00,750,70.40,73.20,2.80,750
qwen3_next_80b,Qwen3-235B,kenyan_english,66.93,67.73,0.80,750,70.13,74.13,4.00,750
qwen3_next_80b,Qwen3-235B,liberian_settler_english,67.20,65.87,-1.33,750,70.53,71.73,1.20,750
qwen3_next_80b,Qwen3-235B,malaysian_english,67.47,66.80,-0.67,750,71.33,71.87,0.53,750
qwen3_next_80b,Qwen3-235B,maltese_english,69.20,69.20,0.00,750,70.67,74.00,3.33,750
qwen3_next_80b,Qwen3-235B,manx_english,69.20,68.40,-0.80,750,71.07,73.87,2.80,750
qwen3_next_80b,Qwen3-235B,new_zealand_english,68.53,68.13,-0.40,750,72.00,75.87,3.87,750
qwen3_next_80b,Qwen3-235B,newfoundland_english,69.20,68.53,-0.67,750,70.80,74.53,3.73,750
qwen3_next_80b,Qwen3-235B,nigerian_english,69.47,70.80,1.33,750,70.53,74.13,3.60,750
qwen3_next_80b,Qwen3-235B,orkney_and_shetland_english,66.67,67.20,0.53,750,70.53,75.47,4.93,750
qwen3_next_80b,Qwen3-235B,ozark_english,69.20,69.73,0.53,750,71.47,72.27,0.80,750
qwen3_next_80b,Qwen3-235B,pakistani_english,69.87,68.40,-1.47,750,70.27,73.73,3.47,750
qwen3_next_80b,Qwen3-235B,philippine_english,68.93,69.07,0.13,750,70.13,73.87,3.73,750
qwen3_next_80b,Qwen3-235B,pure_fiji_english_basilectal_fijie,69.20,70.80,1.60,750,71.07,74.53,3.47,750
qwen3_next_80b,Qwen3-235B,rural_african_american_vernacular_english,67.60,68.27,0.67,750,71.47,73.60,2.13,750
qwen3_next_80b,Qwen3-235B,scottish_english,69.33,71.07,1.73,750,70.93,75.07,4.13,750
qwen3_next_80b,Qwen3-235B,southeast_american_enclave_dialects,69.07,68.93,-0.13,750,68.89,73.64,4.76,736
qwen3_next_80b,Qwen3-235B,sri_lankan_english,68.53,67.73,-0.80,750,70.53,72.00,1.47,750
qwen3_next_80b,Qwen3-235B,st_helena_english,69.07,69.33,0.27,750,70.80,76.00,5.20,750
qwen3_next_80b,Qwen3-235B,tanzanian_english,66.93,68.13,1.20,750,70.00,73.47,3.47,750
qwen3_next_80b,Qwen3-235B,tristan_da_cunha_english,68.93,71.33,2.40,750,69.73,73.47,3.73,750
qwen3_next_80b,Qwen3-235B,ugandan_english,68.53,69.20,0.67,750,70.00,72.67,2.67,750
qwen3_next_80b,Qwen3-235B,urban_african_american_vernacular_english,69.20,70.40,1.20,750,71.73,73.87,2.13,750
qwen3_next_80b,Qwen3-235B,welsh_english,65.29,66.71,1.43,700,69.57,71.00,1.43,700
qwen3_next_80b,Qwen3-235B,white_south_african_english,,,,0,52.22,54.22,2.00,450
qwen3_next_80b,Qwen3-235B,white_zimbabwean_english,,,,0,53.33,55.11,1.78,450
